SMILES,shift_value
O=S(=O)(N[C@@H]1C[C@H]1C1CCC(F)CC1)C1CCCO1,-117.37
OC1NCN(-C2CCC(C(F)(F)F)CC2)N1,-61.7
CC1(C)CN(C(=O)CC2CCCCC2F)CCS1(=O)=O,-117.64
CNC(=O)N1CCC(CC(F)(F)F)CC1,-62.83
CN(C(=O)CC1CCC(F)CC1)C1CCCC(C#N)C1,-116.45
O=C(NC1CCCCNC1=O)C1CCCC(F)C1,-112.51
CN1C(=O)N(CC2CCCC(F)C2)C(=O)C12CCCCC2,-113.07
O=C1NCCC[C@@H]1NC1NCCCC1F,-139.5
O=C(NC1CCCC(Cl)C1F)C1CCCO1,-124.09
CC(=O)NC1CN(C(=O)C2CC3CC(F)CCC3O2)C1,-123.47
C[C@H](CO)N(C)C1NCC(Cl)CC1F,-124.86
CC1CC(NC(=O)CN2CCC3CCC(F)CC32)N(C)N1,-116.26
[H]C1=C([H])N(C)N=C1F,-129.0
CC1CSCCN(C2NCC(F)CN2)C1,-157.19
[H]C1=NN(C2=CC=CC=C2)C([H])=C1F,-176.0
CC(C)(F)Cl,-87.0
CCC1(O)CCN(C2NCCCC2F)CC1,-126.76
CC(C)(N)C1NC(C(F)(F)F)CC(=O)[NH]1.Cl,-70.47
CC(O)CNC1CCC2CCC(F)CC2N1,-110.56
FC(F)(F)C1CCN(CC2CCON2)N1,-61.64
COCC1CC(=O)C2CC(F)CCC2[NH]1,-115.77
COC1CCC(C(=O)N2CCCC(C)C2)CC1F,-135.36
CNC(=O)N1CC=C(C2CCCCC2F)C1,-113.41
O=C(NCC1CC12CC2)C1SCCC1F,-120.44
CC(N)C1NNC2C(Cl)CC(C(F)(F)F)CN12.Cl,-62.6
C[C@@H]1C[C@H](O)CN(C2NCCCC2F)C1,-127.3
[H]C(F)(CCCCCCCC)OC(C)=O,-129.0
O=C(NC1CCCCC1F)N1CCCCN1,-127.46
FC(F)(F)C1=CSC=C1,-60.0
FC(F)(F)C1CC2CC[NH]C2CN1,-64.86
C[C@@H]1CN(CC2C(F)CCCC2Cl)CCN1,-110.79
O=C(C1CC=CCC1)N1CC(CC(F)F)C1,-116.84
CC1CCC(F)C(C(=O)NCC2(C)CCNCC2)C1.Cl,-120.77
F/C(Cl)=C(\F)Cl,-106.0
FC(F)(F)C1=NC=CC2=CC=CC=C21,-63.0
FCC1CCCCC1,-207.0
CC(NC(=O)NC1CCCCC1F)C1CCCNC1,-127.74
CC1CCC(F)CC1CN1NCN(C)C1=O,-117.63
[H]C(F)(SCC)C(=O)OCC,-163.0
FC(F)(F)C1=CN=CN1,-62.0
O=C(C1CNCC(F)C1)N1CCCC2CCCC(Cl)C21,-124.39
CN1NCC2CCC(F)C(C(=O)O)C21,-119.69
O=C(NCC1CCCNC1)C1C(F)CCCC1Cl,-115.03
CC[C@@H]1C[C@H]1NC(=O)C1CC(F)C[NH]1,-163.97
O=C(COC1CCC(F)C(Cl)C1)N1CCNC1=O,-125.84
CC(N1CCN(S(C)(=O)=O)CC1)C(F)(F)F,-71.02
CCCCCCCCC(F)N1C=NC2=CC=CC=C21,-136.0
N#CCC1CCC(F)CN1,-127.65
CC1CCC(F)CC1C(=O)NC1NNCN1C,-117.21
CC(C)(F)C(=O)C1=CC=CC=C1,-144.0
CC1CC(C(=O)NC2(C(F)F)CC2)N(C)N1,-120.71
O=C(NC1CCCCC1F)NC1CCCS(=O)(=O)C1,-127.14
O=C(CC1CCCC(F)C1)NC1CCC(O)CC1,-113.58
CN1CC(C(=O)N2CCOC3CC(F)CCC32)CCC1=O,-114.99
CC(C)C(F)(F)C(C)C,-120.0
CS(=O)(=O)NC1(C2CCC(F)CC2)CC1,-115.75
CC1CN(C(=O)NC2CCC(F)CC2Cl)CC(C)O1,-114.37
NC(=O)C1CCN(C(=O)C2CC(Cl)CCC2F)CC1,-119.59
CC1CCC(C(=O)NC2(C(=O)O)CCSC2)CC1F,-117.61
CN1CNNC1NC(=O)C1CCC(C(F)(F)F)CC1,-62.69
FC(F)OC1=NC(Cl)=CC=C1,-89.0
CCSC(C)F,-142.0
CC1=CCN(C(=O)NC2CCC(F)CC2)CC1,-117.92
CC(C1CCCCC1F)N(C)C(=O)NC1NNCS1,-117.37
FC(F)(F)CI,-65.6
O=C(C1CCCO1)N1CC(O)(C(F)F)C1,-134.59
FC1(F)C(F)(F)C(F)(F)C(F)(F)C(F)(F)C(F)(F)C(F)(F)C1(F)F,-120.0
F[Si](F)(F)F,-163.3
CCOC(=O)CC(F)C1=CC=CC=C1,-173.0
O=[N+]([O-])C1=CC=C(SC(F)F)C=C1,-91.6
O=C(NC1CCNCC1F)N[C@@H]1C[C@H]1CO,-144.9
FC(F)CC1=CC=CC=C1,-115.0
CCOC(=O)C1CCC(C(F)(F)F)CC1,-63.6
O=C(NCC1NCC[NH]1)NC1CCCC(F)C1,-112.52
CC1CC(C(F)(F)F)NC(-N2CCNC2)N1,-69.85
[H]C([H])=C(F)F,-81.0
N#CC1CCCNC1OC1CCC(F)CC1,-116.93
O=C1NCCCCC1NC1CCC(F)CC1,-126.97
O=C1CCC(C2CCC(F)CC2)N1,-115.44
CC(=O)NC1CCN(C(=O)C2CCC(F)C(C)C2)CC1,-114.85
O=C(O)C1CCN(-C2CCC(F)CC2)N1,-115.74
CC(NC(=O)NC1CCC(F)CN1)C1CCCCN1,-135.42
CCCCCCC(C)C(F)(F)F,-74.0
O=C(C1=CC=C(C=C1)C(F)(F)F)C2=CC=C(C=C2)C(F)(F)F,-64.4
FC1CCCCC1NCC1CSCN1,-134.84
FC(F)(F)/C=C/C=C/C1=CC=CC=C1,-63.0
CC(C)(O)C(=O)N1CCCC(C2CCC(F)CC2)CC1,-117.35
NC(=O)C1(C2CCC(F)CC2)CC1,-114.58
CC1NC(CN2CCCC(C(F)(F)F)C2=O)NO1,-65.9
Cl.NC[C@@H]1C[C@H]1C1CCCC(C(F)(F)F)C1,-62.25
CC1CCC(C(=O)NC2CC2)CC1F,-116.87
C=C(F)CO,-108.0
CC1CCCC(F)C1S(=O)(=O)NC1CCCCN1,-115.74
O=C(C1CCCC(Cl)C1F)N1CCOCC1,-119.59
CS(=O)(=O)NC1CC(NC(=O)C2CCCO2)CCC1F,-128.97
N=C(C1=CC=CC=C1)C(F)(F)F,-57.0
CC1CC(F)CC(C(=O)N2CCCCC2C2NC[NH]N2)C1,-113.9
FC1CCC(OC2CCOC2)C(Cl)C1,-120.75
[H]C1(C(F)(F)F)CCC(CCCC)CC1,-75.0
[H]C1=C(C)N(C2=CC=CC=C2)N=C1C(F)(F)F,-62.5
N#CC1CN(CC2CCCC(F)C2)CCO1,-113.77
FC(F)(C1CCC(Br)CC1)C(F)(F)C1CCC(Br)CC1,-112.31
FC(F)C(F)F,-138.0
CC1NSCC1C(=O)NC1CCC2C(C1F)CCNC2,-128.1
O=C(CC1CCOC1)N1CCOC(CF)C1,-232.24
CC1CC(F)CC(C(=O)N2CCCC2C(=O)O)C1,-114.05
O=C(C1=CC=C(F)C=C1)C2=CC=C(OC)C=C2,-119.4
CCCCSCC(F)(F)F,-69.0
FC(F)(F)OC1CC2CCC21,-58.0
CC1CCOC1CN1C[C@H](F)C[C@H]1C(N)=O,-170.31
FC1CCC2NCNC(NC3CC3)C2C1,-111.85
O=C(NCC1CCCC(F)C1)NC1NCCS1,-113.45
CC1CCCC(NC2CCNC2=O)C1F,-139.35
CN1CCC(C(=O)N2C[C@@H](F)C[C@H]2CO)C1,-167.76
FC(F)(F)C1CCCNC1,-62.1
CC(C)(C)C(F)(F)F,-81.0
NC1CCN(-C2NCCCC2F)N1,-129.47
O=C1NC(=O)C(C2CCC(Cl)C(F)C2)N1,-115.11
NC(=O)NC1(C2CCCCC2F)CC1,-117.19
O=C(O)C1OCNC1C(F)F,-116.56
FC(Cl)(Cl)/C=C/Cl,-63.94
[H]N1C=C(F)C(N)=NC1=O,-171.0
O=C(C1CCCO1)C(F)(F)C1=CC(Cl)=CC=C1,-102.0
CN(CC1CCNCC1F)C1CCN(C)N1,-131.41
N#CC1CCC(CN2NCCCC2=O)CC1F,-107.34
CC1CNC(CN2C(C(F)(F)F)CSC2=O)CN1,-63.44
CN1CN(C(=O)C2CCCC(F)C2)CC1=O,-111.77
NC1[NH]C(=O)NCC1F,-168.4
O=C(CC1CCCC(F)C1)N1CCC1,-113.59
FC(F)(F)N1CCCN1,-60.7
CC1CC(C(=O)N2CCOC3CCCC(F)C32)NO1,-117.86
O=C(CN1CCNC1)NC1CCCC(F)C1,-112.03
O=C(NC1(C(F)(F)F)CCC2CCCCC21)[C@@H]1CCCO1,-78.35
CCC(F)(F)C(C)=O,-110.0
FC(F)(C1CCC(Cl)CC1)C1CCC(Cl)CC1,-89.06
FC(F)(Cl)C(F)(F)Cl,-71.1461
CNC(=O)N[C@@H]1CCCC[C@@H]1C(F)(F)F,-69.54
CN=S(=O)(C1=CC=CC=C1)C(F)(F)F,-72.0
CN1CCCC(NC(=O)C2CCCCC2C(F)(F)F)C1=O,-58.57
O[C@H]1C[C@@H](CNC2CCC(F)CC2)C1,-126.76
N#CC(F)(F)C1=CC=CC=C1,-83.5
CC1CNCC(N2CCCC(C(F)(F)F)C2)N1,-72.43
CC1CCN(S(=O)(=O)C2CC(CO)CCC2F)CC1,-111.38
C/C=C(\C1=CC=CC=C1)C(F)F,-117.0
CC1NCCCC1NC(=O)CC1CCC(F)CC1,-115.95
COC1CCC(C(F)(F)C(F)(F)C2CCC(OC)CC2)CC1,-111.49
CNC(=O)C1(C2CCCCC2F)CCCC1,-112.21
[H]C(F)(CCCCCC)P(=O)(OCC)OCC,-228.0
CC1CC(C2CCCCC2F)N(C(=O)CC2(N)CCC2)C1.Cl,-120.33
CC(=O)NC1CCCC2CC(OC(F)F)CCC21,-81.76
O=C(C1CCCCC1F)N1CCN(C2NCCS2)CC1,-116.87
COCC(F)(F)F,-73.3
[H]C1=C(C(F)F)N(C2=CC=CC=C2)N=C1C1=CC=CC=C1,-110.0
CC1CC(O)NC(C(F)(F)F)N1,-71.09
CC(NC(=O)C1CCCCC1F)C1CC1,-115.95
O=C1NCCC[C@@H]1NC1NCC(Cl)CC1F,-136.6
C[C@@H](CO)NC1NCC(Cl)CC1F,-136.27
CCOC1OC(-C2CCCCC2)CC1C(F)(F)F,-58.12
CS(=O)(=O)[C@@H]1CNC[C@H]1C(F)(F)F,-69.52
O=C(NCC1CCCC(F)C1)N[C@@H]1C[C@H]2CC[C@@H]1O2,-113.73
CN(C(=O)C1CCC(CO)C(F)C1)C1CC1,-118.7
O=C1CC(C2CCC(F)CC2)CN1,-116.52
CC1CC(C(=O)O)C(C(F)(F)F)O1,-61.73
O=C1CC(OC(F)(F)F)CC[NH]1,-57.58
CS(=O)C(F)(F)F,-80.0
O=C(NCC(F)(F)F)N1CC2CCCCCC21,-73.03
CC(C)(O)C1CCCN1C(=O)CC1CCC(F)CC1Cl,-113.6
FC(F)(F)C1=NC(Cl)=C(Cl)S1,-56.0
N[C@H]1CCN(C(=O)C2CCN(-C3CCCC(F)C3)N2)C1,-111.23
CCOC(=O)/C=C(/F)C1CCCCC1,-96.16
FC(F)C1=CC=CC=C1,-115.0
CC1=CC(C(F)(F)F)=C(C)N1CC(C)C,-56.0
CCC(=O)CC(F)(F)C1=CC=CC=C1,-96.0
CC1CC(F)CCC1NC(=O)CN1CCCN1,-115.48
FC/C=C/C1=CC=CC=C1,-210.0
O=C(C1CC1)N1CCOC2CCC(F)CC21,-122.36
FC1CCCCC1CN1CC(N2CCNN2)C1,-118.31
NC1NC2C(OC(F)F)CCCC2S1,-81.81
CC1CNCCC1NC(=O)C1(CF)CCC1,-219.24
CC1CNCCN1C(=O)C1CC2CC(F)CCC2O1,-119.76
CCF,-212.0
CCCCSC(F)(F)F,-48.0
CC1CNCC(C(=O)NC2(C(F)F)CC2)C1,-120.91
CC(C)(C(=O)N1CCCC(C(=O)O)C1)C1CCCC(F)C1,-112.61
FC(F)(F)C1=CC=CC(C(F)(F)F)=C1,-63.3
C[C@@H]1COCCN1CC1CCNCC1F,-129.95
O=C(N[C@@H]1C=C[C@H](CO)C1)C1C(F)CCCC1Cl,-115.33
CC(C)C1CC(C(=O)N2CCC2C2CCCCC2F)N[NH]1,-119.89
COCCC(F)(F)F,-66.0
CCN(C(=O)C1CCCO1)C1CCC(F)CC1,-113.22
O=C1CN(C2CCCC2)C(=O)N1CC1CCCCC1F,-118.82
CC1(C2CCCC(F)C2)CCNC1,-113.36
OC1CCC(C(F)(F)F)C(O)C1,-60.99
O=C(NC1CCC(F)CC1)C1CCOCC1,-117.38
O=C(NC1(CF)CCC1)C1CCNCC1,-225.01
CC1(NC(=O)NC2CCNCC2F)CCOCC1,-145.44
C#CCC(F)(F)F,-64.0
CC1NOCC1CN1C[C@@H](F)C[C@H]1CO,-167.83
NC1NNC(-C2CCCC(C(F)(F)F)C2)S1,-62.61
CC1NC(CNC2CNCC(F)C2)CS1,-126.71
O=C(NC1NCCS1)C1CCC(C(F)(F)F)NC1=O,-76.66
CC1CCC(NCC2CNNN2C)C(F)C1,-134.38
CC1C(F)CCCC1C(=O)N1CCC[C@@H](C(=O)O)[C@H]1C,-116.05
NC1CCC(OCC(F)(F)F)CC1,-72.7
Cl.NC1CCC2CC(F)CCC21,-113.36
[H]C([H])=C(C(F)(F)F)C(F)(F)F,-65.7
FC(F)(F)C1C(-C2CCCCC2Cl)C(C(F)(F)F)C(-C2CCCCC2Cl)C(C(F)(F)F)C1-C1CCCCC1Cl,-51.29
CC1CCCCC1NC(=O)[C@H]1C[C@H](F)CN1,-175.56
O=C(C1CCC(-C2NOC(C(F)(F)F)N2)CC1)N1CCC1,-65.67
FC1CCC2[NH]CNC2C1,-120.26
NC1CCCN(C2CCC(F)CC2)C1=O,-114.5
O=C(N[C@H]1CCC[C@H]1F)C1CCCCN1,-189.38
O=C(C1CC2CCCC(F)C2O1)N1CCCC1,-137.16
FC1CNC(N2C[C@@H]3C[C@H]2CS3)NC1,-156.52
O=C(COC(F)F)N1CCC2CCCCC21,-84.26
CC1CN(-C2CCC(F)CC2)NC1N,-118.35
FCN1C=NC2=CC=CC=C21,-164.0
O=C(CC1(O)CCC1)N[C@@H]1CCCC[C@H]1F,-176.18
CCC1CCC2[NH]C(C(=O)O)CC2C1F,-128.96
FC(F)(F)C1C(-C2CCCCC2)C(-C2CCCCC2)C(-C2CCCCC2)C(-C2CCCCC2)C1-C1CCC(Cl)CC1,-47.96
O=C(NC1CCC2[NH]C(C(F)F)NC2C1)C1(O)CCCC1,-116.68
CC1NNC(NC(=O)C2CCC(F)CC2Cl)N1C1CC1,-107.04
CC1NC(CN(C)C(=O)C2CC(Cl)CCC2F)NO1,-118.96
CCC1NCCN1CC(F)F,-124.04
CC1CNC(C(C)N2CCC(C(F)(F)F)CC2)O1,-73.52
FC(F)CN1CCN(C2CCCCN2)CC1,-119.67
COC(C)(C(=O)N1CCN2NCCC21)C1CCCCC1F,-114.87
COC1CCC(CC(=O)N2CCC2)CC1F,-136.21
CC1CC(C(=O)N2CC(O)(C(F)F)C2)NS1,-134.57
O=C(C1CC(-C2CCCCC2)C2C(C1O)SCC2)C(F)(F)F,-70.51
[H]N1C2=CC=CC=C2C=C1C(F)F,-110.0
COC1CCC(C(C)(F)F)CC1,-86.4
NC1NCC(CC2CCCCC2F)S1,-119.14
CC(F)F,-110.0
CCNC(=O)N1CCN(CC2CCC(F)CC2C#N)CC1,-112.58
C=C(F)CCCC#N,-97.09
CC1CCC(F)CC1C(=O)N1CCC2CCC(C1)N2.Cl,-116.75
CC1CCCNC1NC(=O)C1CCN(C(F)F)N1,-95.65
O=C1CCCCC1(F)F,-111.0
CC1NNC(N2CCC(CF)CC2)S1,-223.28
O=C1CN(C(=O)C2(C3CCCC(F)C3)CCC2)CCN1,-112.14
CC(C)(O)C1CCCN1C1CCC(C(F)(F)F)CN1,-60.85
OCCCN1CCC2CCC(F)CC2C1,-117.58
CNC1CCCN(S(=O)(=O)C2CC(C)CCC2F)C1.Cl,-114.69
NC(=O)C1CCCCC1NC(=O)C1CCC(F)C(Cl)C1,-111.21
CS(=O)(=O)C(F)(F)F,-81.0
[H]/C(CCC)=C(/[H])CC(F)(F)F,-68.0
CC(C)N1CCN(C2CCCCC2F)CC1,-123.32
CN1NCCC1CN1CCCCC1C(F)F,-123.32
CS(=O)C1NNCN1CC1CCCC(F)C1,-112.71
O=C(O)[C@@H]1CCCC[C@H]1C(F)(F)F,-71.64
FC1(F)OC(F)(F)C(F)(F)OC1(F)F,-91.0
CC(F)(F)F,-65.0
N#CC1CCC(CN2CCCC(C(F)(F)F)C2=O)CC1,-65.37
N#CC1C(N)[NH]C2CC(F)CCC12,-122.85
O=C(N[C@H]1C[C@H]1C(F)F)C1CNNC2CCCCC12,-109.38
CC1CN(CC2CCN(C)C(=O)C2)C2CCC(F)CC2O1,-125.92
CC(=O)NC1CC(C(F)(F)F)NO1,-64.09
O=C1CN(C(=O)NC2CCCC(F)C2)C2CCCCC2N1,-112.81
O=S(=O)(O)C(F)F,-121.0
C[Si](C)(C)C(F)F,-140.0
OC1CC(O)C(F)CC1F,-145.61
OC1(CNC2NCCCC2F)CCSC1,-139.39
O=S(=O)(CC1CCC(F)CC1)N1CCCC1,-113.46
CC1NOC(NC(=O)C2CCCC(C(F)(F)F)C2)N1,-62.36
CC1CCCCC1F,-117.8
O=C(NC1CCNCC1F)N1CCOCC1C1CC1,-141.0
CC(C)C(=O)CC(F)(F)N=[N+]=[N-],-70.0
CC1CN(C(=O)C2CCCCC2F)CC(C)O1,-116.74
CC1CC(C(=O)NC2CC(C(N)=O)N(C)C2)CCC1F,-110.51
CC1CC(N2CCCC(F)C2)NCN1,-184.31
CN1CCC(NC(=O)C2CCCCC2C(F)(F)F)N1,-59.08
O=C(C1CCCO1)N1CCCSC2CCC(F)CC21,-111.43
O=C(NCC1CCCCC1F)C1CCC1,-119.43
FC(F)C1=CC2=CC=CC=C2O1,-115.0
CCOC(=O)C(F)(Br)SCC,-81.0
CN(C)C(=O)CC(F)(F)F,-63.0
NS(=O)(=O)C1CCC(F)CC1,-106.08
[H]C([H])=C(C(=O)C1=CC=CC=C1)C(F)(F)F,-64.0
C[Si](C)(C)C(F)(F)[Si](C)(C)C,-137.0
CN1CCNC1CN1CCOC2CCC(F)CC21,-121.06
CC(C)(C(=O)NC1CCNCC1F)C1CCCS1,-138.87
CC1CN(C(N)=O)CCN1CC(F)(F)F,-68.55
OC1CC(C(F)(F)F)NCN1,-70.86
CCOC(=O)CC(N)C(F)(F)F,-79.0
CC1CCC(F)CC1NC(=O)C1(C)COC1,-116.94
NC(=O)CN1CCOC2C(F)CCCC2C1,-134.1
OCC1(C2CCCC(F)C2)CCNC1,-113.09
CC1CCCC(NC(=O)N2CCCC2)C1F,-129.09
FC(F)(F)P(Cl)Cl,-72.0
CCOC(=O)C(F)(Br)SC1=CC=CC=C1,-84.0
CC(C(=O)N1CCCC[C@@H]1C(=O)O)C1CCCCC1F,-118.6
Cl.NC1CCCOC2CCC(F)CC21,-118.36
NC(=O)NC1CCCC2C(F)CCCC21,-118.57
FC1=CC=CC=C1,-113.0
CC1CC(S(N)(=O)=O)CNC1C(F)(F)F,-65.45
COC1CCC(-C2C(-C3CCCCC3)C(-C3CCCCC3)C(-C3CCCCC3)C(-C3CCCCC3)C2C(F)(F)F)CC1,-48.04
FC(F)(F)C1=CC=C(Br)C=C1,-63.3
CN(CC1CCC(F)CC1)C(=O)C1CCC1,-115.78
O=C(NC1CC(=O)N(C2CC2)C1)C1CCCC(Cl)C1F,-118.44
FC(F)(F)C1=CC(C(F)(F)F)=CC(C(F)(F)F)=C1,-63.4
CS(=O)(=O)N1CCN(CCC2CCC(F)CC2)CC1,-117.49
CN(CC1CCCC(F)C1)C(=O)C1CCCC(C#N)C1,-112.96
N#CC1CCC(C(=O)NCC2CCCC(F)C2)CC1,-113.48
COC1CCC(CN(C)C(=O)N2CCOCC2)CC1F,-136.11
FC1=NC=CC=N1,-44.0
CS(=O)(=O)N1CCC(O)(C(F)(F)F)C1,-80.14
O=C(C1CCCCC1OC(F)F)N1CCOC2(CCC2)C1,-82.86
CC1CN(C(=O)C2CCOCC2)C2CCC(F)CC2O1,-114.26
CC1CNCCC2CCC(F)CC21.Cl,-115.75
Cl.FC1CCCCC1CC1CCCCN1,-118.08
CN(C(=O)C1CC(C2CCCC(F)C2)C1)[C@@H]1COC[C@H]1O,-113.99
O=C(NC1CCCC(F)C1)C1(O)CCOC1,-112.26
FC1CCCNC1N1CCCSCC1,-131.69
COC1NCCCC1C(=O)NC1CCCC(F)C1,-111.99
CC(=O)C(F)C1=CC=CC=C1,-183.0
COC(=O)CCCCC(=O)C(F)(F)F,-80.2
O=C(NCC1NC2CC(F)CCC2O1)N1CCSCC1,-117.91
CC(C(N)=O)N1CCC(C2CCCC(F)C2)C1,-113.76
CC1CC(CNC(=O)C2CCN(C)C(=O)C2)CCC1F,-120.54
CC1N[NH]CC1CNC1CCCOC2CCC(F)CC21.Cl,-118.3
CC(F)(F)C1=CC=CC=C1,-87.9
N#CC1CC(F)CCC1CN1CC(N2CCCN2)C1,-112.72
O=C1CN(C(=O)C2CC(-C3CCCC(F)C3)NO2)CCN1,-112.15
CC1CCC(C(=O)NC(C)C2CCCCN2)CC1F,-116.87
O=S(=O)(CC1CCCC1)C1CCC(F)CC1,-104.04
Cl.NC1(C2CCC(C(F)(F)F)CC2)CCC1,-62.35
CC1(C)CN(CC(O)C(F)(F)F)CC1O,-78.82
[H]/C(C(=O)C1=CC=CC=C1)=C(/[H])C(F)(F)F,-66.0
O=C(NC1CCCCC1F)N1CCC(N2CCNN2)CC1,-124.21
O=C(NC1NNC(C(F)(F)F)[NH]1)C1CCCO1,-64.32
O=S(=O)(C1CCCCC1OC(F)(F)F)N1CCCC1,-56.35
CCCCCCCCOC(C(F)(F)F)C(F)(F)F,-74.7
CC1(F)CCN(C(=O)C2CCOC2)C1,-142.01
FC1CCCNC1NCC1CCCCN1,-139.55
FC1=CSC=C1,-131.0
COC1CCCC(C(=O)N2CC(C)C2)C1F,-138.94
CN(CC1CCC(F)CC1Cl)C(=O)[C@@H]1CCCCN1.Cl,-112.51
[H]/C(=N\O)C(F)(F)F,-65.5
O=C(O)C1COC(C(F)F)C1,-114.92
O=C(CC(C(F)(F)F)C(F)(F)F)C1CCC(Cl)CC1,-68.59
CC1CCC(S(=O)(=O)OC(CCC2CCCCC2)C(=O)CC(F)(F)F)CC1,-63.66
Cl.NC1CCCC(C(=O)NCC2CCCC(F)C2)C1,-113.68
CCC1CCCCN1C(=O)NC1CCC(C(N)=O)C(F)C1,-111.12
N#CCCN1CCCC(O)(C(F)(F)F)C1,-83.09
CN1CNCC1CCN1CCCC(C)(F)C1,-148.15
CC1(C)COCCN1C(=O)CC1CCCCC1F,-118.0
CS(=O)(=O)NCCC1C[NH]C2CC(F)CCC12,-122.17
N#CC1CCC(CNC2CCOC2)CC1F,-107.98
[H]/C(C1=CC=CC=C1)=C(/F)C(=O)OCC,-126.0
O=C(CS(=O)C1CCCCC1F)N1CCCCC1,-113.78
COC1CCC(F)C(OC)C1,-146.07
CC1OCNC1C(=O)NC1CCC(S(C)=O)C(F)C1,-112.55
Cl.N[C@H]1CCN(C(=O)C2(C3CCCC(C(F)(F)F)C3)CC2)C1,-62.04
FC(F)C1=NC2=CC=CC=C2C=C1,-111.0
Cl.NC[C@@H]1C[C@H]1C1CCC(C(F)(F)F)CC1,-61.88
CNC1CCC(OC(F)(F)F)CN1,-59.17
CCN(C)C1CCCN(C2CCCC(F)C2)C1=O,-112.09
COC1CCC(F)CC1C(=O)N1CCCO1,-123.17
CC1C(=O)NCCN1CC1CNCC(F)C1,-126.25
CC1NC(C(F)(F)F)CCC1N,-65.72
O=C1C=C(OC(F)F)CCC1,-85.0
CC(O)CC1CCCN1C1NCCCC1F,-132.43
O=C1CN(C2CCC(C(F)(F)F)CN2)C2CCCCC2N1,-60.98
CC1NC(CN2CCCC(C(F)(F)F)C2=O)SC1C,-65.33
CCCCCCCCOC(F)(F)Cl,-27.0
CN(CC1CCCO1)C(=O)C1CCCCC1F,-116.75
N#CCC(=O)N1CCN(CC(F)F)CC1,-119.95
CN1CNC(NC(=O)C2CCCCC2F)N1,-114.65
FC(F)[C@H]1CCCN1CC1CNCS1,-124.34
OC1CCNC(-C2CCCC(F)C2)C1,-112.03
O=C(O)C1CCC(C(F)(F)F)O1,-64.65
CCCCCC(F)(F)P(=O)(OCC)OCC,-112.0
O=C(C1CCCCC1OC(F)F)N1CCSCC1,-82.15
CCC(F)(F)F,-67.0
F[XeH2]F,-183.4
CC1(CNC2CCC(C#N)CC2F)COC1,-134.15
O=C(C(F)(F)F)C(F)(F)F,-84.6
CN1CNCC1CS(=O)(=O)C1CCCCC1F,-110.21
CCCCCCCCC1=CC=C(F)N1C,-143.0
CC1CC(C(F)(F)F)NN1CCC#N,-61.96
NC(=O)CN1CC=C(C(F)(F)F)CC1,-69.18
Cl.O=S1(=O)CCC(NCC(F)(F)F)CC1,-71.61
FC(F)(F)C1=CC=CN=C1,-62.0
CC1NN(-C2CCC(F)CC2)C(C)C1C(=O)NC1CC1,-112.58
NC(=O)C1CNC(NC(=O)C2CCCCC2F)S1,-114.31
FC(F)(F)C1=CN=CN=C1,-62.0
COC1NCCCC1F,-139.68
CC1CC(F)CC2[NH]C(C(=O)N(C)[C@@H]3CCC[C@H]3O)CC12,-117.8
N#CC1CC(F)CCC1N1CCC[C@@H]1CO,-127.58
CC1CC(F)CCC1N1CCCC(NS(C)(=O)=O)C1,-120.9
[H]/C(F)=C(/[H])C(=O)OCCCCCCCCCCCC,-112.0
O=C(O)C1CC(F)CCC1-C1CCOC1,-116.1
COCC(F)F,-126.5
CC1NC(N2CC(CF)C2)CCC1C#N,-227.39
FCCCl,-220.0
CC(C)C1ONC(C(F)(F)F)C1C(=O)O,-63.27
N#CC1CCCC(NC(=O)N2CCCC(C(F)(F)F)C2)C1,-71.56
NS(=O)(=O)C1CC2C(CC1F)NC(=O)CC2,-113.48
C=C(CF)C1=CC=CC=C1,-213.0
FC1(F)CCCCCCCCCCCCCC1,-91.5
FC1CCC(/C=C/C2CCCCC2)CC1,-114.51
COCCC(=O)N1CCC2CCC(F)CC21,-115.36
CC(C)(O)C1CCCN1C(=O)C1CCCC(F)C1Cl,-114.34
CCOC(=O)C(F)(F)C1=CC=CC=C1,-104.0
FC(F)(C1CCCCC1)C1CCCC(Cl)C1,-89.78
NC1CCN(C(=O)C2CC3CC(F)CCC3S2)C1,-117.91
N#CC(F)C1=CC=CC=C1,-168.0
CN1CC(N)C(C(F)(F)F)N1,-60.66
FC(Cl)(Cl)Cl,0.0
CC(C)C1CCOC1C(=O)N1CC(CF)C1,-228.34
FC(F)(F)C1=CC=C(C(F)(F)F)C=C1,-63.5
C[C@@H](CO)N(C)C1CCC(F)CN1,-145.18
CCCC/C=C(\F)CCCC,-110.7
FC1CC(Cl)CNC1N1CCOCC1,-124.91
CN(C)C(=O)C1CN(-C2CCCC(Cl)C2F)NN1,-125.45
CCCCC(Cl)(Cl)C(F)(F)F,-79.68
CN1CCC(NC(=O)C2CC(Cl)CCC2F)N1,-117.32
OC/C=C(\F)C1=CC=CC=C1,-118.0
O=C(NC1CCCCC1O)C1CCC(F)CC1Cl,-108.79
CC(F)C1=CC=CC=C1,-167.0
[H]C1=C(F)C(F)=C([H])O1,-182.0
CC(=O)NC1NC(C(=O)NC2CCC(F)CC2)CS1,-116.74
O=C(NCC1CCCOC1)C1CC2[NH]CNC2CC1F,-121.79
FC(F)N1C=NC2=CC=CC=C21,-96.0
CN1NC(C(F)(F)F)NC1N,-66.13
O=C(NCC1CCC(F)CC1)C1CCOCC1,-116.07
CC1(C)CN(CC2CNCC(F)C2)CC2CCCCC2O1,-126.89
Cl.NCC1CCCC(C(F)(F)F)O1,-74.66
O=C(C1CCC(-C2CCCCC2F)O1)N1CCOCC1,-114.35
CC1CC(C(=O)N(C)C2CCC(F)CC2)CC(O)N1,-113.46
FC(F)(F)C1NC[NH]N1,-64.49
CC(NC(=O)C1C(F)CCCC1Cl)C1CCCO1,-115.04
N#CC1CNN(-C2CCC(C(F)(F)F)CC2)C1N,-62.21
CC1NC(C)N(CC2CNCC(F)C2)N1,-125.42
NC(=O)NC1(C2CCC(F)CC2)CC1,-117.6
O=C(NCC(F)F)N1CCC(C2CCCCC2)CC1,-123.61
O=C(CC1CCSC1)NC1CCC2C(C1F)CCNC2,-128.45
CN1C(=O)CNC2CCC(C(F)(F)F)CC21,-60.7
CN1CC(NC2CC(C#N)CCC2C(F)(F)F)CCC1=O,-63.52
C/C=C/F,-130.0
CN(CC1CNN(C)C1)S(=O)(=O)C1CCC(F)CC1,-105.1
O=C(O)C(F)(F)F,-76.0
CS(=O)(=O)C1CCC(F)C(NC(=O)C2CCCCC2)C1,-115.31
CC1CCC(F)CC1CN1CCNN1,-117.32
O=C(NCC1CCN2CCNC2C1)NC1CCNCC1F,-144.84
O=C(O)F,-12.5
CN1CC(=O)N(CC2CCC(Cl)C(F)C2)C1=O,-115.95
CC1CCC(C(=O)N2CC(O)CC2C)CC1F,-117.38
CSCF,-189.0
O=C(NC1CCC(F)CC1)[C@H]1C[C@@H](O)CN1,-117.33
O=C(NC1CCCC(OC(F)F)C1)N1CCSCC1,-81.74
CC1NCN(CC2CCCNC2C(F)(F)F)N1,-63.96
CC(C)OC1CCC(NC(=O)N2CCC23CCC3)C(F)C1,-121.13
CN1C(C(F)(F)F)CCCC1=O,-64.14
CN(CC1CCCNC1)C(=O)C1CCCCC1F,-116.69
O=C(OOC(=O)C(F)(F)F)C(F)(F)F,-78.0
N#CC1=CC(C(F)(Br)Br)=CC=C1,-58.0
CC(C)N1C(=O)[NH]C2CC(F)CCC21,-121.34
CC1CCCC(C(=O)N2CCN(CC(F)F)CC2)C1,-119.88
CN(C)C(=O)C1(C2CCCCC2F)CC1,-115.15
Cl.FC1CCCC(Cl)C1CC1CNC1,-113.82
CN(C(=O)CC(F)(F)F)C1CCC2C(C1)OCO2,-62.5
CC1NN(C)C2SC(C(=O)NCC(F)(F)F)CC12,-71.96
CC(F)CCN1CCC(O)CC12CCC2,-172.33
CC1NC2CC(F)CCC2CC1C(=O)NCC1CC1,-106.9
O=C1CN(C2NCC(Cl)CC2F)CCN1,-125.75
CC1N[NH]C(=O)C(C(=O)NC2CCCC(F)C2)C1C,-111.81
CCCCCCCCC(F)N1C=NC2=C1C=CC=C2,-136.0
O=C(O)C1SCNC1C(F)F,-114.24
Cl.FC1CCCC(C2COCCN2)C1,-112.25
O=C1CC(C(F)(F)F)C2C([NH]1)CCC2,-66.75
O=P(F)(F)F,-90.7
FC1(F)OC(Cl)(Cl)C(Cl)(Cl)O1,-56.5
CC1CN(C(=O)NCCC2CCCC(F)C2)CC(C)O1,-114.31
CS(=O)(=O)C1CCCC(C(N)C2CCC(F)CC2)C1,-115.43
O=C(NC1CCOCC1)C1CC2CC(F)CCC2O1,-120.05
FC1=CC=NC=C1,-103.0
FC(F)(F)C1=NC=CS1,-60.0
CC1CC(F)CC(C(=O)NC2(C(=O)O)CCC2)C1,-113.78
O=C(C1CCOC1)N1CC(CC(F)F)C1,-116.83
C=C(F)CCCC1CCCCC1,-94.91
N#CC1C(F)CCCC1N1CCCC(CC(N)=O)CC1,-106.45
O=C(OCC(F)(F)F)C1=CC=CC=C1,-73.0
CC1=C(OC(F)F)CCC1,-82.0
[H]C1=NOC(C(F)(F)F)=C1[H],-62.0
COC1CCC(CN2CCNC2)CC1F,-135.63
O=C1CN(CC2CCC(F)CC2Cl)CCN1,-112.52
FC(F)C1CCN(CC2CCON2)CC1,-123.55
COC1CCC(C(F)(F)C2CCCCC2)CC1,-87.32
C[C@@H](CO)N(C)C1NCCCC1F,-127.44
N#CC1CCC(CN2CCCCC2=O)CC1F,-107.35
FC(F)(C1CCC(Br)CC1)C1CCC(Br)CC1,-89.55
CC1CC(C(=O)N2CCC2)CC(C)C1OC(F)F,-79.46
N#CC1CCC(N2CCOC(CF)C2)CC1,-231.5
CN1CCN(C(=O)NC2CCC(C(F)(F)F)CC2)CC1,-61.53
CCOC(=O)/C=C/CF,-224.0
CC1CCCC(C(=O)NC2CC23CC3)C1F,-119.92
OC1=CC=NC(SC(F)F)=N1,-98.0
FCC1CN(C2NC(C3CC3)NS2)C1,-228.77
CC1CC(F)CCC1NC(=O)C1CCC(=O)[NH]N1,-115.41
FC(F)(F)N(C(F)(F)F)C(F)(F)F,-55.969
CC(F)(F)Cl,-46.0
CCCC1C(CCC)C(-C2CCC(Cl)CC2)C(C(F)(F)F)C(C(F)(F)F)C1-C1CCC(Cl)CC1,-50.44
N#CC1(CN2CCC(C(F)(F)F)N2)CCC1,-61.65
CC1C[NH]CC1C(=O)N1CC(CC(F)F)C1,-116.7
CC1CCCC(C(=O)NC2(C(F)F)CC2)N1,-120.64
CC1CCC(S(=O)(=O)N2CCCO2)C(F)C1,-108.94
CC1CC(C(=O)NC2CCCCC2F)NO1,-122.89
CC1CNCCN(CC(F)(F)F)C1,-69.75
NC1CCC(F)C(N)C1,-106.5
CN(CC(N)=O)C(=O)C1CC2C(F)CCCC2S1,-117.36
FC1=C2C=CC=NC2=CC=C1,-123.0
FC(F)N1CNCN1,-95.41
NC1(C(=O)N2CCC3C(F)CCCC32)CC1,-118.74
CC(O)CC(F)(F)F,-64.8
CCCCC(C)C(F)(F)F,-74.0
CC1CC(F)CCC1NC(=O)C1CC1,-116.09
CC1CCC(NC(=O)N2CCOCC2)CC1F,-116.88
CC1(C)CN(C(=O)C2CCNCC2)CCC1C(F)(F)F,-64.62
FC(F)(F)C1CSC(CN2CCNCC2)N1,-63.96
O=C(C1=CC=CC=C1)C(F)(F)Cl,-93.0
FC(F)(F)C1CSC(N2CCNCC2)N1,-64.72
CC1CC(NCC2NCCN2C)CCC1F,-131.32
CC(C)C(C)(F)F,-102.2
CC1CCCC(NC(=O)C2(C)COC2)C1F,-128.05
O=C(NC1(C(F)F)CC1)C1CCCCC1,-120.92
CC1OCCC1C(=O)N(C)CC1CCC(F)CC1,-115.39
O=C(N1CCCO1)C12CC3CC(CC(F)(C3)C1)C2,-126.31
FC1(F)O[C@H](Cl)[C@@H](Cl)O1,-55.5
O=C(NC1CCC(F)CN1)[C@]12C[C@H]1CCN2,-131.14
FC(C1=CC=CC=C1)(C1=CC=CC=C1)C1=CC=CC=C1,-127.0
CC1(C)OC(C(F)(F)F)C2=C1C=CC=C2,-40.0
CCOC(=O)CC(F)F,-117.0
CCC(O)C(F)(F)CC,-111.8
COC(F)(F)C1=CC=CC=C1,-72.0
FC1CCCC2CCCCC12,-124.0
CCCC(F)(F)F,-68.0
C[C@@H]1CN(C(=O)C2CCCC(F)C2Cl)C[C@H]1C(N)=O,-114.27
O=C(NC1CCC(-N2CNCN2)C(F)C1)C1CCCC1,-122.65
CC1CCC(CF)CC1,-223.0
FC1=COC2=CC=CC=C12,-177.0
CN(CC1NCCCN1)C1CCC(F)CC1,-128.27
O=S(=O)(NCC1CCCC(F)C1)C1CC1,-113.5
CCCCCCC(=O)CCC(F)(F)F,-67.0
CN1CC(CNC(=O)NC2CCCC(F)C2)CN1,-112.53
CC1NCC(CN(C)C2CCC(F)CC2C#N)S1,-120.72
CN1CCC(N(C)C(=O)CC2CCCC(F)C2)C1=O,-114.27
CC1CC(C2CCCC(F)C2)N(CC(N)=O)C1,-113.66
O=S1(=O)CC[C@]2(C(F)(F)F)CNC[C@@H]21,-74.53
O=C(NC1CCCC(C(F)(F)F)C1)C1CCCNC1,-62.42
CC(C)NC(=O)N1C[C@@H](F)C[C@H]1CO,-169.34
CC1CCC(F)C(OCC2NNC(C)O2)C1,-139.75
FC(F)(F)Cl,-28.0
CC1NC(N)N(-C2CCC(F)CC2C)N1,-111.17
CC1(C)C(C(F)(F)F)CCN1C(=O)C1CCC(O)NC1,-64.93
CNC(=O)CN1CC=C(C(F)(F)F)CC1,-69.2
O=C(CC1CCCS1)N1CC(CF)C1,-228.39
[H]C1=C(C(F)(F)F)N=NN1C1=CC=CC=C1,-60.0
O=C(C1CNCC(F)C1)N1CCC2(CCCCC2)C1,-124.58
CC1C(C(C)N)OC2CCC(F)CC12.Cl,-120.93
COC1(C)CN(C(=O)NC2CCCCC2C(F)(F)F)C1,-60.71
CC1CNC(C(C)NC2CCC(F)CC2)O1,-126.02
FC(F)(F)C(Cl)(Cl)CC(Cl)Cl,-80.22
COC1CCC(NC(=O)N2CCOC(C)C2)CC1F,-135.05
CC1CCCC(F)C1NCC(=O)N1CCOCC1,-139.91
CC(C1CCC(F)CC1)N(C)C(=O)C1CCC(=O)[NH]N1,-115.13
O=C(C1CCNCC1C(F)(F)F)N1CCC2(CCC2)C1,-60.5
O=C(NCC1COC2CCCCC2O1)C1CCC(F)CC1,-107.97
CN1CC(OCC2CCC(F)CC2)CN1,-114.09
CC1NCCN1CC(=O)NC1CCC(F)C(Cl)C1,-119.93
FC(F)(Cl)C=C(Cl)Cl,-47.14
C=C(C1CCC(Br)CC1)C(F)(F)F,-64.9
FC1CC1,-218.0
CC(=O)N1CCC(N)C2CCC(F)CC2C1.Cl,-114.36
NC(=O)NC1CCC(OC(F)F)NC1,-85.82
CC1CC(S(=O)(=O)N2CCCC2)CCC1F,-109.13
CC(C)C(=O)N1CCN(C(=O)CC2CCCC(F)C2)CC1,-113.45
O=S(=O)(C1=CC=CC=C1)C(F)(F)F,-78.0
N#CC1C(F)CCCC1N[C@H]1C[C@@H](O)C1,-107.82
CC1CCN(C(=O)C2CCC3NNC(C(F)F)N3C2)CC1,-119.43
O=C([O-])CC1NC(-C2CCC(F)CC2)CS1.[Na+],-114.04
CC(C1CC1)N(C)S(=O)(=O)C1CCC(F)CC1,-105.63
CC1CCC(F)C2OC(C(=O)O)CC12,-142.1
CCC(=O)N1CCOC(C2CCC(C(F)(F)F)CC2)C1,-62.28
CC(NC(=O)NC1CCCCC1F)C1CCNCC1,-127.69
CC1CCC(F)C(NC(=O)C2CCCN2C)C1,-127.99
CCCCCC/C=C(\F)CCCCCC,-111.0
CCOC1C(F)CCCC1C(=O)N1CCNC(C)C1.Cl,-129.29
N=S(=O)(C1CCCCC1)C(F)Cl,-130.5
O=C(NCC1CCCNC1)NC1CCC(F)C(Cl)C1,-123.29
CC1CCCC2CCCC(F)C12,-113.0
FC1CCC2C(C1)CCC2,-115.5
O=C(CO)N1CCCC(CC(F)(F)F)C1,-63.2
C[Si](C)(C)C(F)(F)Cl,-58.0
CC(=O)N1CCC(C(=O)NC(C)C2CCC(F)CC2)CC1,-115.98
N#CC1(CN2C[C@@H](F)C[C@H]2CO)CC1,-167.54
OC1CCN(C2CC(C(F)(F)F)NC3CCCCC23)CC1,-67.75
CC1NN(-C2CCCCC2)C(C)C1C(N)C(F)(F)F.Cl,-76.68
O=C(NC1CCCCC1F)N[C@@H]1C[C@H]1CO,-124.34
O=C(N1CC(O)C1)C1(C2CCC(F)CC2)CCCC1,-116.5
CS(=O)(=O)N1CCCC(C(F)(F)F)C1,-71.75
N#CC1CCC(N2CCN3CCCCC3C2)C(F)C1,-120.08
CC1CC(C(=O)NC2CCC(F)CN2)CO1,-130.91
C=C(C1CCCCC1)C(F)(F)S(=O)(=O)C1CCCCC1,-97.7
FC(F)(F)NC(F)(F)F,-56.5
CC1CCC2C(N1)OCCN2C(=O)C1CCC(F)CC1C,-110.85
O=C(C1CCCC1)N1CCOC2CCCC(F)C21,-113.9
CS(=O)(=O)NC1CC(C(F)(F)F)C[NH]C1=O,-62.21
CCCC/C=C/C(F)(F)C(=O)OCC,-98.0
O=C(O)C1CCC(=O)N(C2CCCC(F)C2)C1,-111.96
F/C(Cl)=C\C1=CC=C(I)C=C1,-73.0
N#CC1CCC(F)C(CN2CCCCC2C(N)=O)C1,-106.39
CCC(F)F,-120.0
O=C(O)CN1CCCC(C(F)(F)F)C1=O,-66.97
CN(C1CCC(F)CC1)S(=O)(=O)C1CC1,-113.8
CC1CCC(F)CC1,-118.3
N#CC1CC(F)CC(N2CCOCC2)C1,-109.85
N#CC1CCC(CN2NC(C(F)(F)F)CCC2=O)CC1,-67.18
O=C(CN1CC(C(F)(F)F)CC(Cl)C1=O)N1CCC1,-62.15
FC1CNC(NCC2CC23CC3)NC1,-155.91
FC(F)F,-78.0
C[C@@H]1CN(C)C[C@H](C(=O)N2CCCC(C(F)(F)F)C2)O1,-72.15
CC(O)(C(F)(F)F)C(F)(F)F,-84.2
CS(=O)(=O)NC1CCN(CC(F)(F)F)C1,-69.22
N#CC(F)C1=CC=C2C=CC=CC2=C1,-167.0
O=C(CN1CC(C(F)(F)F)CCC1=O)N1CCOCC1,-62.24
CC1CC(C)N2NCC(C(=O)NCC(F)(F)F)C2N1,-71.6
OC1=N[C@](C2CCCCC2)(C(F)(F)F)C(O)=N1,-75.0
CC1=CCCN(C2NCC(C(F)F)CN2)C1,-110.39
CC(C)CC1COCCN1C(=O)C1CCCCC1F,-116.84
O=S(=O)(CF)CC1=CC=CC=C1,-212.0
FCCBr,-212.0
CC1NC(C(=O)O)C(-C2CCC(F)CC2)S1,-114.08
CCOC(=O)CF,-230.0
CCN(CC)C(F)(F)F,-59.0
O=C(CNC1CCC(F)CC1Cl)N1CCNC1=O,-125.95
C[C@@H]1C[C@H](O)CN(C2CCC(F)CN2)C1,-141.92
CCCCCC(F)(F)Br,-44.0
N#CC1C(F)CCCC1N1CCCC(CCO)C1,-106.59
CC1CCCNC1CNC(=O)C1CCCC(F)C1,-112.46
CCCCC1CC2C(C(C(F)(F)F)N1)C(C)(C1CCCCC1)OC2,-63.49
CF,-271.9
CC1C(F)CCCC1C(=O)N[C@@H]1CCC(=O)N[C@H]1C1CC1,-116.03
C/C=C\F,-128.0
FC(F)(F)C(C(F)(F)F)(C(F)(F)F)C(C(F)(F)F)(C(F)(F)F)C(F)(F)F,-63.4
FC1=CC=CC2=C1C1=C(C=CC=C1)O2,-119.0
CC1CNC(N2C[C@@H](F)C[C@H]2CO)S1,-169.72
CC1CCC(CS(=O)(=O)N2CCCCO2)C(F)C1,-117.72
O=C(COC1CCC(F)CC1)N1CCCCC1,-123.16
[H]C(F)(CCCCCCCC)OS(C)(=O)=O,-119.0
CNC(=O)C1C[NH]NC1-C1CCC(F)CC1,-112.71
CC1=NN(C)C(=O)C1C(=O)NC1CCCCC1F,-129.22
CC(O)C1CCCCN1CC1CCC(F)CC1C#N,-111.65
FC(F)(F)C1NCCCN1,-70.6
CC1CC(F)CC(S(=O)(=O)N2CCCC2CN)C1.Cl,-110.99
FC1CCCCC1,-175.0
O=C(O)[C@@H]1CCCN[C@@H]1C(F)(F)F,-70.34
FC1CCC(CN2CCOCC2C2CC2)CC1,-115.51
CCCC/C=C\C(F)(F)F,-59.0
NC(C(=O)O)(C1CCCCC1)C(F)(F)F,-70.8
C[Si](C)(C)F,-158.0
NC1NNC(C(F)F)O1,-120.89
CN1NCC2C1CCCC2NC(=O)CC1CCCCC1F,-117.7
COC(C(=O)N1CCCN(C)C2CCC(F)CC21)C1CC1,-121.18
FC(F)(F)C1CCCC(C(F)(F)F)C1,-64.0
FC(F)(F)C1=NC2=CC=CC=C2N=C1,-67.0
NC1CNN(COC2CCC(F)CC2Cl)C1,-117.47
CC1CCC(F)CC1NCC1NCCCN1,-116.25
CC1CC(C(=O)N(C)C2CC2)NN1C(F)F,-95.93
O=C(O)C1CC(F)CC2CCOC12,-115.8
OC1=CC=C(SC(F)F)C=C1,-89.0
CC(=O)N1CC(C)OC2C(F)CCCC21,-136.38
CCOC(=O)C(F)(F)Cl,-64.5
O=C(CN1CC(C(F)(F)F)CCC1=O)N1CCNC1=O,-62.26
O=S(=O)(NC1CCCC1)C1CCCCC1F,-111.33
O=C1CC2C(Cl)CCC(F)C2N1,-135.55
O=[N+]([O-])C(C(F)(F)F)C(F)(F)F,-72.7
CC1CC(C(=O)NC2CCNCC2C)CCC1F,-112.19
FC(F)C1CCCC1,-119.0
O=C(C1CCC(O)NC1)N1CCCC1C1CCCC(F)C1,-113.08
CC1NC(CN(C)C(=O)NC2CCC(F)CC2)NO1,-118.85
O=C(C1CNCN1-C1CCC(F)CC1)N1CCCC1,-113.3
CS(=O)(=O)NCC1(C2CCCC(F)C2)CCOCC1,-113.27
CC1NCC(C(F)(F)F)[NH]1,-62.0
CC1CC(F)CCC1CN1CCC(C2NCCO2)CC1,-114.0
N#CC1C(F)CCCC1OCC1CCON1,-106.12
O=C(O)[C@@H]1CC=CC[C@H]1C(F)(F)F,-71.12
NC1CCC2C(C1)CCC(=O)N2CC(F)F,-121.67
O=C(O)C(F)C(=O)O,-192.2
O=C([O-])CC1NC(C(F)(F)F)CS1.[Na+],-63.38
F/C=C/Cl,-131.0
COC1CCC(C(=O)NC2CCCC(C)N2)C(F)C1,-110.21
CN(C(=O)N1CCCO1)C1CCC(F)CC1,-115.51
O=C1C2CCCN2C(=O)N1CC1CCCC(F)C1,-113.03
COC1=CC=C(OC(F)F)C=C1,-75.8
[H]C(F)(OCC)C(=O)OCC,-133.0
CS(=O)(=O)N1CCC(OC2CCC(F)CC2)CC1,-122.38
CC1CC(C(=O)N2CCOCC2)C2CCC(F)CC2N1,-107.73
CON(C(=O)OCC(Cl)(Cl)Cl)C(C)(F)F,-77.0
CC1NC(CNC(=O)NC2CCCC(F)C2)N[NH]1,-112.53
O=C(N1CCC(Br)CC1)C(F)(F)F,-74.0
N#CC1CCC(N2CCCOCC2)C(F)C1,-123.06
FC(F)OC1=CC=CC=C1,-87.0
COC1CC(F)CCC1NC(=O)C1CCC1,-113.48
CC1CCC(NC(=O)[C@H]2C[C@@H]2C(F)F)CN1,-116.22
CN(CC(F)(F)F)[C@H]1CC[C@H](O)CC1,-69.88
O=C(NCC1CN[NH]C1)NC1CCC(F)C(Cl)C1,-123.41
NC(=O)C1(C2CCCC(F)C2)CCCC1,-113.31
O=C(C1CCC(F)C(Cl)C1)N1CCC(CO)C1,-112.94
O=C(CCN1C(=O)CCC2CC(F)CCC21)N1CCCC1,-122.65
CC1CCN(C(=O)CC2CCC(F)CC2)CCS1,-116.44
CC1CC(OCC2CNNN2C)CCC1F,-126.42
CN(CC1C(F)CCCC1Cl)C(=O)C1CCCO1,-113.72
CS(=O)(=O)NC1CCCC1C1CCC(F)CC1,-117.34
N#CC1CCC(F)CC1CN1CNC(C2CCC2)CC1=O,-101.92
[H]/C(C1=CC=CS1)=C(/[H])C(F)(F)F,-64.0
CC(C)(C)C(=O)CS(=O)C(F)(F)F,-78.0
N#CC1C(F)CCCC1OC[C@H]1C[C@@H](O)C1,-106.97
COC1CCCC(F)C1C(C)NC(=O)N1CCSCC1,-118.83
CC1(F)CCCN(C(=O)C2CCCNC2)C1,-152.48
C#COC(C)(C#CC(F)(F)F)C1CCCCC1,-50.82
CC1CCCCN1S(=O)(=O)C1CNCC(F)C1,-122.54
O=C1C2CCCN2C(=O)N1C1CCN(CC(F)(F)F)C1,-69.15
O=C1CC(C(F)(F)F)=NC2CCCCC2N1,-73.42
CC1(C)CN(C2NCC(F)CN2)CCS1,-156.95
CC1NOC(C2CCCN(CC3CCC(F)CC3)C2)N1,-115.25
O=S(=O)(NC1NCCCC1F)C1CCC2C(C1)CCC2,-131.79
N#CC1CCC(F)C(CNC(=O)NC2CCCCC2O)C1,-108.79
FC(F)(F)C1=CC2=CC=CC=C2N1,-61.0
CC1NCSC1CNC1CNCC(F)C1,-126.54
CC1CC(NCC2CNNN2C)CCC1F,-130.74
CN1CN(CC2CCCCC2F)CC1=O,-118.09
N#CF,-156.0
CC1CCC(C(=O)NCC2(O)CCOCC2)CC1F,-116.9
CC1CCC2C(C1F)NCCC2,-141.32
CC1ONCC1CN1CCCC1C(F)(F)F,-74.82
O=C(C1CCC1)N1CCOC2CCCC(F)C2C1,-117.12
CC1CC(F)CC(S(=O)(=O)N2CCCC2)C1,-111.35
OC1CCCC(F)C1,-111.5
O=C1NC(C(F)(F)F)NC2CCCCN12,-75.47
CC(=O)NC1(C2NOC(C(F)(F)F)N2)CCCCCC1,-65.76
CC1CCCC(C(=O)N2CCC(O)(C(F)(F)F)C2)C1C,-59.62
O=C(NCC1CC(Cl)CCN1)NC1CCC(F)CC1,-119.88
CC1NN(C)CC1CNC1CCCCC1F,-134.62
O=C1CCCC1F,-194.0
N#CCCN1NC(-C2CCC(F)CC2)CCC1=O,-111.43
O=C(NC1CC(F)CCC1C(=O)O)C1CCOC1,-107.13
NC(=O)C(C1CCC(F)CC1)N1CCCCC1,-113.56
CC1CCCC(CN[C@@H]2COC[C@H]2O)C1F,-124.14
CN(CCC#N)C1CCNC2CC(F)CCC12,-109.96
CC1NCN(CC2NCCN2C(F)F)C1C,-93.0
CC(CC#N)NC1NC2C(F)CCCC2O1,-131.97
CC1NC(C(F)(F)F)CCC1O,-65.61
CC1CC(C(=O)NC2(CO)CCOC2)C(Cl)CC1F,-112.46
CC(C)N1CCC(NC(=O)NC2CCC(F)CN2)C1=O,-135.33
O=C(O)C1CC(F)C2NCCCC2C1,-127.56
N#CCC1COC2CCC(F)CC12,-120.3
CCOC(=O)C(F)C1=CC=CC=C1,-180.0
C=C(F)C1CCCCC1,-108.47
CN(CC1CCCCC1F)C(=O)C1CCC2C(C1)OCO2,-118.87
C=C(F)CC(C(=O)OC)C(=O)OC,-97.34
FC(F)(CC1CCCCC1)C1CCCCC1,-94.7
O=S(=O)(NC1CCCC2OCCC21)C1CCCC(F)C1,-110.14
CCC(=O)N1CC(=O)NC2C(F)CCCC21,-130.63
[H]C([H])=C(CCCCCCC)C(F)(F)F,-70.0
CC1=CCCN(CC2NC(C(F)F)NO2)C1,-121.22
O=C(CN1CCCN1)N1CCCC1CF,-220.05
CC1CNC(NC(=O)C2CCC(F)CC2)O1,-106.79
CN(C(C1CCC(F)CC1)C1CC1)S(C)(=O)=O,-115.27
FC(F)(F)C1=C(C2=CC=CC=C2)NC2=CC=CC=C21,-53.0
CC1=CC(F)=CS1,-128.0
FC1CC2C(CC1F)CCCC2,-127.0
O=C(O)C1=CC2CCCCC2OC1C(F)F,-130.25
O=C(NC1CCC(Cl)CC1F)C1CCCO1,-120.81
CNC(=O)C1CN(C(=O)CC2CCC(F)CC2)CCO1,-116.27
FC(F)(C1CCCCC1)C1CCC(Br)CC1,-89.5
COC(=O)C(F)(F)[N+](=O)[O-],-53.0
O[C@@H]1CCN(C2NC3C(F)CCCC3O2)C1,-131.73
CC1=NN(C2CCC(C(F)(F)F)CN2)C(=O)C1,-61.76
CN(C)C(=O)C1CCCN1C1CCC2CCC(F)CC2N1,-110.61
COC(=O)C(F)(F)S(=O)(=O)Cl,-100.0
CN(C)C1CCC(NC(=O)C2CCCC(F)C2)CN1,-112.32
CC1CCCC(F)C1,-113.5
O=S(=O)(C1CNCC(F)C1)N1CCC2(CCCCC2)C1,-120.15
FC(Cl)Cl,-82.0
FC(F)(F)N1CNCN1,-60.37
CCC1NNSC1C(=O)NC1CCC(F)CC1,-115.88
CC1CC(C)N(C2CN(CC3CC(C#N)CCC3F)C2)N1,-107.45
COC(=O)C(=O)C(F)(F)F,-76.0
FC1CCCCC1CNC1CN[NH]C1,-119.53
O=C(N1CC2CCC1C2)C1(C2CCCC(F)C2)CC1,-113.15
C=C(F)C1=CC=CC=C1,-120.0
CC1CCC(F)CC1S(=O)(=O)N1CCN[C@H](C)C1.Cl,-115.09
CCOP(=O)(OCC)C(F)(F)C1=CC=C(C)C=C1,-109.0
O=C1CCN1C1CCC(C(F)(F)F)CC1,-61.68
CC1(C)COCCN1C(=O)C1CCCC(F)C1,-112.29
FC(F)(C1CCC(Cl)CC1)C(F)(F)C1CCC(Cl)CC1,-112.15
CC1CC2NC(N)SC2CC1F,-124.6
O=C(C1CCC(OC(F)(F)F)CC1)N1CCC(O)CC1,-57.79
[H]C([H])=C(F)C(C)=O,-116.0
O=C(NC1CCC(F)CC1)N1CCCCN1,-119.77
FC(F)(F)[C@H]1[C@H]2CCCO[C@H]21,-57.76
CCC1NCNC(N2CCCC2C2CCCO2)C1F,-150.49
COC1CC(C(=O)N2CC(C)C2)CCC1F,-131.31
CC1NOC(C)C1C(=O)N1CCCC2CCC(F)CC21,-116.02
N#CC1CCC(N2CCN(C(=O)NC3CC3)CC2)C(F)C1,-120.35
O=C(N[C@@H]1CCCOC1)C1CC(F)C[NH]1,-163.94
CC1N[NH]CC1C(F)(F)F,-56.4
CCCCCCCCC1=NC2=CC=CC=C2C(C(F)(F)F)=C1,-63.0
CC12CCC(=O)N1C(C(=O)NCC(F)(F)F)CS2,-71.99
CN1C(=S)N(C(F)F)C2=C1C=CC=C2,-103.0
OC[C@H]1CCCN1CC1CCC(Cl)C(F)C1,-116.48
CC(C)NC(=O)N1CCN(CC2CCCCC2F)CC1,-117.1
CC1CCC(F)CC1NC(=O)NC(C)C1CCNCC1,-116.63
CC1NN(-C2CCC(F)CC2)C(N)C1C#N,-111.97
FC(F)(F)C1=CC=C(N)C=C1,-61.7
O=C1CC(NC(=O)C2CNCC(F)C2)CN1,-125.1
CN1NCCC1C(=O)N1CCNCC1C1CCCC(F)C1,-111.72
N#CC1CCC(F)C(CN2CCOCC2)C1,-106.32
CC1(C(=O)NCC2CCC(F)CN2)COC1,-128.87
CC(CC(=O)N1CCCC1)C1CCCC(F)C1,-113.86
OCC(F)(F)C1=CC=CC=C1,-107.9
FC(Cl)(Cl)CC(F)(Cl)Cl,-52.54
CC1CC(F)CC(NCC2NCCN2C)C1,-114.05
FC1CCC2CC[NH]C2C1,-121.8
CC(F)C1=CC2=C(C=CC=C2)C=C1,-167.0
FC(F)(F)C1CCNCC1,-64.5
FC1CC2CC(Br)CCC2O1,-109.7
O=C1CCC2CN(S(=O)(=O)C3CCCCC3F)CCN12,-109.31
N#CCC1NC2CCC(F)CC2[NH]1,-119.57
NC(=O)N(CC1CCCC(F)C1)C1CC1,-113.69
FC1CNCC(CN2CCOCC23CC3)C1,-126.49
O=C(NC1CCCNC1)N1CCC2CCC(F)CC21,-115.39
OCC1NC(CC2CCCC(F)C2)NO1,-113.41
Cl.O=C(CC1CCC(F)CC1)N1CCCC1C1CCNCC1,-116.33
OC1CCC(F)C(O)C1,-150.6
FCBr,-191.0
O=C(C1CCNCC1)N1CCC[C@@H]1C(F)F,-126.04
[F-].[F-].[F-].[F-].[F-].[Sb+5],-108.0
N#C[C@H]1CC[C@@H](NCC2CCCC(F)C2)C1,-113.73
CC1(C)CN(C2CCNC(C(F)(F)F)C2)CCO1,-67.93
O=S(=O)(CC1=CC=CC=C1)C(F)(F)F,-77.0
F/C=C\CBr,-125.0
FC(F)SCC1=CC=CC=C1,-94.0
FC(F)(F)C1=CCN(C2CNCCN2)CC1,-69.28
[H]C([H])=C(C(=O)CCCCCCC)C(F)(F)F,-64.0
CC(=O)N1CCOC2CCC(C(F)(F)F)CC21,-61.35
CC1NOC(C)C1C(=O)NC1CC1C1CCC(F)CC1,-117.39
O=C(NC1CCC(F)CC1)N1CCN(C(=O)C2CC2)CC1,-119.06
[H]C(=O)C(F)C1=CC=CC=C1,-191.0
FC(F)(F)I,-5.1
O=C(OC(=O)C(F)(F)F)C(F)(F)F,-76.0
CC1CN(C2CCCCC2F)CCN1C(=O)C1CCC1,-123.79
CC1CCCNC1CN1CCCC(C(F)(F)F)C1=O,-65.28
CC1CCC(C(=O)NCC2CCNN2C)CC1F,-116.68
OC[C@@H]1C[C@H]1NC1NCC(Cl)CC1F,-136.29
[H]C1=C(F)OC(F)=C1[H],-123.0
C=C(CC)CC(F)(F)F,-63.0
CC1NC(C(F)(F)F)OC1C(=O)O,-66.89
CC(O)(C1CCCCC1)C(F)(F)F,-81.1
O=C(O)C1NC(C(F)(F)F)N2CCCCC12,-63.13
O=S(=O)(C1=CC=CC=C1)C(F)(F)C1=CC=CS1,-93.0
C=CCOC1SC(-C2CCCCC2)CC1C(F)(F)F,-57.0
CC1CC(NC(=O)C2CCC(C(F)(F)F)CC2)N(C)N1,-62.67
O=C(NC1CCC(F)CC1)NC1CCCC2C1CCNC2,-119.14
FC1=NC=CC2=CC=CC=C21,-71.0
CC(C)(N)C(=O)N1CCOC(C2CCC(F)CC2)C1,-113.5
Cl.O=C(C1CNCCO1)N1CCCC1CC1CCCC(F)C1,-113.78
O=C1NC(C2CCC(F)CC2)C12CCC2,-115.09
CCN1CCN(CC2CCNCC2F)CC1,-130.55
C=C(F)C(=O)OCC,-117.72
FC(F)(C1CCCCC1)C(F)(F)C1CCCCC1,-112.37
CC1(C(=O)NCC2CCC(F)CC2)CNC1,-115.93
CC(C)(NC(=O)C1CCC(=O)N1)C1CCC(F)CC1Cl,-115.3
CN1C(=O)C[C@H](C(=O)O)[C@H]1C1CCC(C(F)(F)F)CC1,-62.73
CCCN1C(=O)C2CCC(C(F)(F)F)NC2N(C)C1=O,-68.02
FC1=NC2=CC=CC=C2N=C1,-74.0
CCCCF,-219.0
CN1C=CN(C(F)F)C1=S,-100.0
OCC1CCN(C2NC(C(F)(F)F)CS2)CC1,-64.75
C=CC(=C)F,-120.0
NC(=O)[C@@H]1C[C@@H](F)CN1C(=O)C1CCC2CC[NH]C2C1,-177.73
O=C(C1CN(CC2CCCC(F)C2)NN1)N1CCCCC1,-112.49
O=C(OC(C#CC(F)(F)F)CCC1CCCCC1)C1CCCO1,-51.97
FC(F)(OC1=CC=CC=C1)SC1=CC=CC=C1,-43.0
CC1CCC(NC(=O)CN2CCCCC2)C(F)C1,-116.12
CC(F)(F)CO,-96.1
CN(CC1CCCO1)C(=O)C1CCCC(F)C1,-112.1
CC1N[NH]C(C)C1CN[C@@H]1CCCC[C@H]1F,-176.72
[H]/C(CCC)=C(/F)S(=O)(=O)C1=CC=CC=C1,-130.0
FC1CCC(Cl)C2C1CCCN2,-120.37
COC1CCC(F)C(NC(=O)C2CCCOC2)C1,-134.53
O=C1CCC(CNC(=O)NC2CCCCC2F)N1,-127.34
FC(F)(OC1=CC=CC=C1)C1=CC=CC=C1,-66.0
CC1CN(C)CCN1C(=O)NCC1CCC(F)CC1,-116.63
FC(F)(F)C1=CC2=CC=CC=C2C=C1,-62.0
[H]/C(CCCCCCC)=C(/F)C(=O)OCCCC,-130.6
CC1(F)CCCN(CC2CNCS2)C1,-147.98
CCCF,-219.0
FC(F)(F)C1C(-C2CCCC(Cl)C2)C(C(F)(F)F)C(-C2CCCC(Cl)C2)C(C(F)(F)F)C1-C1CCCC(Cl)C1,-46.8
O=C(C1CCCCN1)N1CCOC(C2CCC(F)CC2)C1,-113.4
[H]C1=NN(C)C([H])=C1F,-175.0
O=C(CC(F)(F)F)C1=CC=CC=C1,-62.0
CC(=O)C(F)(F)F,-81.0
CC1CCC(C(=O)N2CCCN(C)C3CCC(F)CC32)O1,-120.7
FCC1=CC=CC=C1,-204.3
O[C@@H]1CCCC[C@H]1C1CCC(F)CC1,-117.56
CC1CCC(F)C(C(=O)N[C@@H]2C[C@H]3CC[C@@H]2O3)C1,-120.92
CC1CCC(C(=O)N2CCC(O)(C(F)(F)F)C2)S1,-80.15
CC1NC(C2(NC(=O)C3CCCC(F)C3)CCCC2)NO1,-112.6
COC1CCN(C(=O)NC(C)C2CCCCC2F)CC1,-120.44
CCCCC1=C(C2=CC=CC=C2)NN=C1F,-133.0
CN1CCN(C(=O)C2CCN(CC(F)F)N2)CC1=O,-123.8
[H]C1=C(Br)N=C(C(F)(F)F)S1,-66.5
O=C(NC1CCCC2OCCC21)C1CCCCC1F,-115.92
CCNC(=O)N1CCC(NC(=O)NC2CCC(F)CC2)C1,-120.25
[N-]=[N+]=NC(F)(F)C(=O)C1=CC=CC=C1,-78.0
CN1C=CC=C1C(F)(F)S(=O)(=O)C1=CC=CC=C1,-97.0
O=C(O)C1C(C(F)F)NC2N1CCCC2,-113.31
[H]C1=CC=C(SC(F)F)C=C1,-90.0
FC(F)(F)C=1C=CC=CC1,-63.2
O=C(NC1CCCCC1C(F)(F)F)N1CCCCN1,-61.05
CC1=CC=C(/C(C)=C(/F)Cl)C=C1,-81.5
CC1(C)C(C(F)(F)F)CCN1C(=O)NC1CCCNC1,-65.15
CC1CC(C)NC(NS(=O)(=O)CC2CCCCC2F)C1,-117.89
CC1CCC(F)C(CN2CNN(C)C2=O)C1,-124.1
O=S(=O)(C1CC1)N1C[C@@H](F)C[C@H]1CO,-171.75
NC1N[NH]C2CC(F)CCC12,-113.89
FC(F)(F)C1CCCCC1C(F)(F)F,-60.1
[H]C#C/C(C1=CC=CC=C1)=C(\[H])C(F)(F)C(=O)OCC,-95.0
FCF,-148.0
CC1CN(C(C)C2CCC(F)CC2)CCO1,-115.42
CC1CCC(OCC2NCNN2C)CC1F,-115.1
O=C(C1CC2CC(F)CCC2O1)N1CCCCC1,-119.82
COC(=O)C1C(C(=O)OC)C(C(F)(F)F)C(-C2CCC(Cl)CC2)C(-C2CCC(Cl)CC2)C1C(F)(F)F,-53.88
FC(F)(C1CCCC(Br)C1)C1CCCC(Br)C1,-90.11
CCCCC(C)F,-172.0
CC1(C)CNCCN1CC(F)(F)F,-70.64
CC1CCN(C(=O)N2CC(CF)C2)CC1,-227.07
CC(C1CCC(F)CC1)N(C)C(=O)NC1CC1,-116.18
FC(F)(Br)N1CNNC1,-27.92
FC(F)(F)C1C=CC=CC1,-73.0
CC1CC(C(=O)NC2(C(=O)O)CC2)CCC1F,-113.06
[H]N1C=C(F)C(=O)N([H])C1=O,-171.0
O=S(=O)(NCC1CCCCC1F)C1CC1,-119.27
NC1NNC(CC(F)(F)F)S1,-65.27
CC1NC(CNC2CCCC(F)C2C)NO1,-117.48
CN(C)C(=O)C1CC(=O)N(C2CCCCC2F)C1,-121.13
N#CC1CNC(N2CCCC2)C(F)C1,-133.26
O=C(OCC(F)(F)F)OCC(F)(F)F,-82.3
C=C(C(=O)OC)N(CC(F)(F)F)OC(C)=O,-75.53
O=C1NCCN1CC1CCCC(F)C1,-113.44
CN1CC(C2CCCN2C(=O)NC2CCC(F)CN2)CN1,-133.75
O=C1CC(C(F)F)=NN1,-112.56
CN1CC(CNC(=O)C2CC(F)C[NH]2)CN1,-163.85
FC(F)(F)C1NCC[NH]1,-63.2
O=C(C1CCSC1)N1CCN(C2CCC(F)CC2)CC1,-122.27
O=C(C1CC=CC1)N1CC(CC(F)F)C1,-116.82
FC(F)(F)C1=CC=CC2=CC=CC=C21,-60.0
NC(C1CCCC(F)C1)C1CCCCN1,-112.99
CC1CNN(C)C1CN1CCOC2CCC(F)CC2C1,-120.02
CC(C(=O)O)N1CCC(C(F)(F)F)N1,-61.81
N#CC(F)F,-60.0
CC1NN(-C2CCC(F)CC2)CC1C(=O)O,-115.19
CC1CCCN(CC2CCCC(F)C2)C1=O,-113.19
OC1=NC2CCCCC2N=C(O)C1F,-208.6
O=C(NC1(C(=O)O)CCCC1)C1CC(Cl)CCC1F,-117.92
FC1CCC(CNC2CCCNC2)CC1,-116.2
CC1CCC(F)C(C(=O)NC2NNC(C3CC3)N2C)C1,-119.29
CC1NCC(CN[C@@H]2CCCC[C@H]2F)CN1,-175.76
CC1CCC(F)C(C(=O)N2CCCC(C(C)N)C2)C1,-122.46
O=C(NC1CNCC(F)C1)C1CSCN1,-124.99
CC1CCC(S(=O)(=O)N(C)C2CCNCC2)CC1F.Cl,-114.06
CC1CCC(CNC(=O)N2CCOCC2C2CC2)CC1F,-118.28
FC(F)N1N=C(Cl)C2=CC=CC=C21,-95.0
CC1(C)OB(CC(F)(F)F)OC1(C)C,-58.0
FC(F)(Br)N1CNCN1,-34.2
O=C(C1C[NH]C2CCC(F)CC12)N1CCCCC1,-122.95
O[C@@H]1CC[C@H]1NC1NCC(Cl)CC1F,-136.2
COC1CCC(C#CC2CCC(C#CC3CCC(OC)CC3)C(F)C2)CC1,-110.0
CC1C(=O)NCCCN1CC(F)(F)F,-71.07
CCN1CCC(N(C)C(=O)NC2CCCCC2F)C1,-121.27
CN(C(=O)C1CCN2CCNC2C1)C1CCC(F)CC1,-113.26
CC1NC(CNC2CCC(C)C(F)C2)NO1,-117.09
CC1CNC(CNC2CCCC(F)C2)NC1,-113.1
CC1CCC(C(F)(F)C(F)(F)C2CCC(C)CC2)CC1,-111.84
CC1CN(C)CCN1CC1CCC(F)CC1C#N,-112.87
FCC(Cl)(Cl)Cl,-198.0
CN1CCN(C(=O)C2CCNCC2F)C2CCCCC2C1,-128.17
CC(C)(C(=O)N1CC(O)C1)C1CCC(F)CC1,-116.48
O=C(CC1CCCCC1F)N1CCOCC1,-117.84
O=C(O)CN1CCC2CCC(F)CC21,-121.2
O=C(C[C@H]1CCOC1)NC1CCC(F)CC1,-117.31
FC(F)(F)C1=NC=CC=C1,-68.0
COC(=O)C(F)(F)C1=CC=CC=C1,-104.3
CC1(NC(=O)C2CC3CC(F)CCC3O2)CCOCC1,-119.95
CC1CC(CNC(=O)C2CCC2)CCC1F,-120.57
CC1CN(C2CCC(Cl)C(F)C2)CCN1,-115.37
O=C1[NH]CNC2C(C(F)(F)F)CCCC12,-59.99
O=C(C1CCC(F)CC1)N1CC[C@@H](O)C1,-109.84
FC1CCC2C(C1)CCCN2,-126.5
FC(I)I,-102.0
CC1NN(-C2CCCCC2Cl)C(C(F)F)C1C(=O)O,-111.53
O=C(O)C(F)C(=O)OO,-191.7
NC(=O)N1CC=C(C2CCC(F)CC2)CC1,-115.57
CCC(C)C(=O)NC1CC2C(CC1F)CCC(=O)N2,-131.59
CC(NC(=O)C1CCCO1)C1CCCC(F)C1,-113.28
Cl.FC1CCC2C(C1)NCCC2,-117.28
CC1NOC(C)C1C(=O)NC1(C2CCC(F)CC2)CCC1,-116.74
FC(F)(F)C1CCNN1C1CCCNC1,-61.43
CN1CNCC1CCC(=O)N1CCOC2CC(F)CCC21,-114.18
O=C(NCC1CCCO1)C1CC(Cl)CCC1F,-117.36
O=C(C1CCN(C2CCC(F)CC2)C1=O)N1CCCCC1,-115.71
O=C1NCCOC2CCC(F)CC21,-119.06
FC(F)SC1=NC2=C(C=CC=C2)N1,-92.0
[H]C([H])=C([H])F,-113.0
CC1CC(NC(=O)NC2CC2)NN1-C1CCCC(F)C1,-111.68
FC1COCC1F,-182.0
CC1NC(C)C(CC(=O)NC2CCC(F)CC2)C(=O)[NH]1,-117.38
CC1CCCNC1NS(=O)(=O)CC1CCCC(F)C1,-113.82
CC(C)C1NC(C(=O)NC2NCCCC2F)CS1,-125.73
CC1CN(C2NCCCC2F)CC(=O)N1,-128.29
N#CC1CNN(CC2NCCN2C(F)F)C1,-93.21
OCC1CN(CC2CCC(F)CC2)CC1O,-115.37
CN1CNC(C(=O)N[C@@H]2CCCC[C@H]2F)C1,-176.06
O=C1CC(C(F)F)NCN1C1C=CCCC1,-122.63
O=C(NC1CCCC(F)C1)[C@H]1CNCCO1,-112.18
O=C(NC1(C(F)F)CC1)C1CCNCC1,-120.82
FC(F)(F)C1=NCCO1,-70.0
FC(F)(F)C1CC(-C2CCCCC2)OC1OC1CCC2CC(OC3OC(-C4CCCCC4)CC3C(F)(F)F)CCC2C1,-58.63
COC1CN(C(=O)CC2NCCCC2F)C1,-123.87
CCOC(=O)C(F)C(=O)OCC,-194.0
ON1NNC2CCC(C(F)(F)F)CC21,-61.73
CC(=O)N(C1=CC=CC=C1)C(F)F,-98.0
CN1C(N)NC2C(F)CCCC21,-134.09
N#CC1C(F)CCCC1N[C@@H]1C[C@H]1CO,-108.29
FC(F)(SC1=CC=CC=C1)SC1=CC=CC=C1,-49.0
CC1(C(=O)NCC2CCC(F)CC2)COC1,-115.98
OC1CCC(NC2CCSC3CCC(F)CC32)CC1,-118.98
CCN1CC(C(=O)N2CCOC3CCCC(F)C32)CN1,-116.77
FC1(CC2=CC=CC=C2)CO1,-134.0
CC1=CC([SH](CF)C2=CC=CC=C2)=C(C)C(C)=C1C,-207.0
CCOC(=O)C(C)(C)F,-148.0
C#CC(F)(F)F,-52.0
NC(=O)N1CCCN(C2CCC3CCC(F)CC32)CC1,-117.45
O=C(NC1CNCC(F)C1)N1CCOCC1,-125.94
CC1CCCN1C(=O)CN1CNC2CCC(F)CC2C1=O,-111.44
CN(C)C(=O)C(F)(F)Br,-54.0
CCOC1CC(F)CCC1NC(=O)N1CCOCC1,-114.34
O=C(COC1CCC(F)CC1Cl)N1CCNC1=O,-120.72
O=C(NC1CCNCC1F)NC1CC1C1CCCCC1,-144.43
CC1CCC(NC(=O)CN2CCCN2)C(F)C1,-125.11
FC1CCCCC1-C1NNN[NH]1,-114.53
FC1=NC=CN=C1,-80.0
NC(=O)[C@@H]1C[C@@H](F)CN1C(=O)C1CCC2CNCN2C1,-177.79
CCCCNC(F)(F)F,-49.0
CNC(=O)N1CCCC(C(F)(F)F)C1C,-69.56
FC1CCC2C(C1)CCCC2,-121.8
CC(C(=O)NC1CCC(F)C(Cl)C1)N1CCNC(=O)C1,-120.09
O=C(CO)N1CCCC(C(F)(F)F)C1,-71.61
CC1CC(OC2CCCC(F)C2C#N)NCN1,-105.0
CC(=O)N1CCCC(C2NC(-C3CCC(F)CC3)NO2)C1,-108.06
COCC1CCCN(C2CCNC3C(F)CCCC23)C1,-125.88
COC1CC(F)CC(NC(=O)N2CCOCC2)C1,-111.57
CC1CCC(C(C)NC(=O)C2CCC(F)CC2)O1,-108.13
O=C(CC(F)(F)F)N1CC(O)C2(CC2)C1,-62.59
CCN1C(=O)NC(C2CCCCC2)(C(F)(F)F)C1=O,-74.29
O=C(NCC(F)(F)F)C1COC2CCCCC2O1,-72.17
O=C(O)C1CCC(F)C2CCNCC12,-121.24
O=C(C1[NH]CCC1C1CC1)N1CC(CF)C1,-228.41
CN1CCCC1CNC(=O)N1CC(F)C1,-180.61
FC(F)N1C=NC2=C1C=CC=C2,-96.0
O=C(C1=CC=CC=C1)C(F)C1=CC=CC=C1,-99.0
CC1C[NH]CC1C(=O)N[C@@H]1CCCC[C@H]1F,-175.93
Cl.N[C@@H]1C[C@H]1C1CCCCC1OC(F)(F)F,-57.38
CC(O)(CN1CCNC(=O)C1)C(F)(F)F,-81.77
CCC1NCSC1NC(=O)C1(C)CC1F,-210.5
O=C(O)C(=O)N1CCC2CCCC(F)C2C1,-120.94
OCC(F)(F)F,-78.0
O=C(N[C@@H]1C[C@H]1CO)C1CCC(F)CC1,-108.12
COC1CC(F)CC(CN2CC[C@@H](O)C2)C1,-111.7
COC1CCCN(C2CCC(F)CN2)C1,-142.02
CCC1(O)CCN(C2CCC(F)CN2)C1,-145.84
CC(Br)C(=O)C1CCC(OC2(F)C(F)(F)C(F)(F)C2(F)OC2CCC(C(=O)C(C)Br)CC2)CC1,-130.0
O=C(O)C1CNN(CC(F)F)C1,-124.0
FC1(F)C(F)(F)C1(F)F,-150.0
CN1CCC(CS(=O)(=O)C2CCC(F)CC2)CC1=O,-102.38
CC1[NH]NC(C(=O)NC2(C(F)F)CC2)C1C,-120.74
CC1CC(F)CCC1S(=O)(=O)NCC1CC1,-106.9
CN(C(=O)C1CCCO1)C1NCCCC1F,-126.86
OC(C1CCCCC1)(C1CCCCC1)C(F)(F)F,-74.1
O=C(CO)N1CCC2C(F)CCCC2C1,-119.73
CN1CC(CNC2CCC(F)CC2)NN1,-126.48
COC1CCCC(F)C1NC(=O)N1CCSCCC1C,-121.64
CC1CNN(CCNC(=O)N2CC(F)C2)C1,-180.63
CC1CC(C(=O)N[C@@H]2CCCC[C@H]2F)ON1,-176.07
O=C(O)CC1CCN(C(F)F)N1,-94.85
CC1CC(CNC2CCNCC2F)C(C)O1,-151.11
CCC1(CC)CC1(F)F,-139.0
FC(F)C1=CC=CS1,-102.0
O=C(NC1CCCNC1)N1CCC(C2CCCC(F)C2)C1,-113.4
CC1NCN(CC2CNCC(F)C2)C1C,-125.58
Cl.N[C@@H]1CCCC[C@H]1NS(=O)(=O)CC1CCCCC1F,-117.17
NCC(F)(F)F,-72.0
CP(C)CC(F)(F)F,-59.0
O=C(CN1CCCN1)N[C@@H]1CCCC[C@H]1F,-176.34
Cl.NCC1NOC2CC(F)CCC12,-108.26
OC[C@@H]1C[C@H]1NC1NC2C(F)CCCC2O1,-131.3
[H]/C(CCCCCCC)=C(\F)C(=O)OCCCC,-121.3
CCN(C1CCCC(F)C1)S(=O)(=O)C1CN[NH]C1,-111.94
CC1N[NH]CC1NC(=O)C1(C2CCC(F)CC2)CC1,-114.3
CCCC1C(CCC)C(C(F)(F)F)C(-C2CCC(Cl)CC2)C(-C2CCC(Cl)CC2)C1C(F)(F)F,-50.56
CC(F)CCN1CCCC2(CCOCC2)C1,-171.53
CN1CCC(C(F)(F)F)N1,-61.51
FC(F)(Cl)Cl,-8.0
FC(F)C1=CSC=C1,-108.0
[H]/C(CCCCCC)=C(/[H])C(F)(F)F,-65.0
FC(F)(Cl)OC1=CC=C(Cl)C=C1,-26.0
FC(F)C1CCN(C2CNCCN2)CC1,-124.08
CC1=C2C(F)=CC=CC2=CC=C1,-113.0
FC(F)(CBr)C1=CC=CC=C1,-98.2
C[C@@H]1CC=CC[C@H]1C(=O)NC1(C(F)F)CC1,-120.97
CNC(=O)N1CCN(C(C)C(F)(F)F)CC1,-70.78
[H]C1=NNC(C(F)(F)F)=C1[H],-62.0
N#CCCN1CCC(C(F)(F)F)N1,-61.71
FC1CNCC(CNC2CCCCC2)C1,-127.12
COB(OC)C(F)(F)F,-70.0
CNC(=O)CC1CCC(C(F)(F)F)CC1,-71.56
CC1CCC(F)C(OCC(=O)N2CCCC2)C1,-140.08
CC1CNCC(CNC(=O)N2CC(F)C2)C1,-180.66
COCC1CCN1C(=O)C1CCC(F)CC1,-108.37
O=C(N1CCOCC1)N1CCOC2CCC(F)CC21,-122.23
O=C(O)C1N[NH]CC1F,-171.91
O=C(F)OCCOCCOCCOC(=O)F,-16.8
CC1SC(=O)N(CC(=O)O)C1-C1CCC(F)CC1,-112.41
O=C1[NH]NCC(NCC2CCC(F)CC2)C1Cl,-115.46
CC1CCC(CNC(=O)C2CCOC2C)CC1F,-117.99
N#CCCN1CCN(C(=O)C2CCC(Cl)CC2F)CC1,-114.08
FC1CCCC(CN2CCCC2C2NCCCN2)C1,-114.11
CN(CC1CCON1)C(=O)C1CC(F)C[NH]1,-164.27
CC1C(C(=O)N(C)CC(N)=O)SC2CCC(F)CC12,-117.9
CCN(C(=O)C1CCNN1C)C1CCC(Cl)CC1F,-118.71
CC1COCCN(CC2CCNCC2F)C1,-130.46
CCC1(O)CN(C(=O)NC2CCC(F)C(Cl)C2)C1,-122.68
N#CC(NC1CCC(F)CC1)C1CCCO1,-123.85
[H]/C(CCCC)=C(/[H])C(F)(F)F,-65.0
CC(=O)N1CCN(CC(F)(F)F)C2CCCCC21,-69.72
O=C(C1CCC(N2CCOCC2)C(F)C1)N1CCCC1,-121.98
O=C(N1CCOCC1)C1(C2CCC(F)CC2)CC1,-116.5
FC1=CC=C2N=CC=CC2=C1,-114.0
CC(NC1CCC(F)CC1)C(=O)N1CCCC1,-126.04
CCC1CCC(NC(=O)N2CC(C)OC(CO)C2)CC1F,-118.82
O=C1NC(=O)C2(CCN(C(=O)C3CCCC(F)C3)CC2)N1,-112.07
CC1NC(CN2CCC(CF)CC2)OC1C,-222.16
CC1OC(-C2CCCCC2F)NC1C(=O)N1CCCCC1,-112.97
CS(=O)(=O)NC1CCC2CC(F)CCC21,-115.43
O=C(O)CC1CC(C(F)(F)F)CO1,-59.35
CN1CCCC1C1COCCN1C(=O)C1CCCC(F)C1,-111.93
O=[N+]([O-])C1CCC(CC(F)(F)F)CC1,-65.3
CC1CN(C(=O)C2CNCN2-C2CCC(F)CC2)CCO1,-112.77
[H]/C(C1=CC=CC=C1)=C(\F)CO,-109.0
CC1CCC(C(C)NC(=O)C2CSCN2)CC1F.Cl,-118.14
O=C1CN(C(=O)NCCC2C(F)CCCC2Cl)CCN1,-114.44
CN1NCC(C(F)(F)F)C1C(=O)O,-56.64
O=S(=O)(C1CNN(-C2CCCCC2F)C1)N1CCCC1,-125.74
CC1CCCC(NS(=O)(=O)C2CCC(F)CC2)N1,-107.29
CC(C)(O)C(=O)N1CCC(O)(CC2CCCC(F)C2)CC1,-114.45
COC1CCC(C(=O)NC2CCNCC2F)CC1,-139.48
CC1CCCC(C(=O)NC2(C3NNC[NH]3)CCC2)C1F,-120.04
CN1CC(=O)N(CC2CC(F)CCC2Cl)C1=O,-115.0
O=P(CF)(C1=CC=CC=C1)C1=CC=CC=C1,-242.0
O=C(NC1CCCNC1)NC1CCCCC1C(F)(F)F,-60.44
C=C=C(F)F,-107.0
CC1CCCCC1C1(C(=O)N2CCOC(C(F)F)C2)CC1,-130.73
Cl.NCC1CCN(CC(F)(F)F)N1,-71.79
FC1CCCNC1N1CCOC2(CCC2)C1,-127.85
CCCCCCCCC1=C(F)C=CS1,-137.0
CCOC(=O)CCF,-220.0
CCC1NNSC1C(=O)NC1CCCC(F)C1,-111.77
C[Si](C)(C)OS(=O)(=O)C(F)(F)F,-78.0
CSC1=NC(=O)C=CN1C(F)F,-107.0
CC1=NC(F)=NC(Cl)=C1,-44.0
CC1NC(C)C(F)C(N2CCSCC2)N1,-149.58
CC(C)N1CCC(NC(=O)C2CCCC(F)C2)CC1,-112.47
CC1(C(=O)NCC2CCC(F)CN2)CNC1,-128.79
C[C@@H]1OCCN(C(=O)C2CCN(C)N2)[C@@H]1C(F)(F)F,-63.78
CC1(F)CCCN(CC(=O)N2CCC2)C1,-148.24
FC(F)(F)C1=CCN(C2NCCCN2)CC1,-69.21
O=C(C1CCC(F)CC1)N1CCCC1C1CCCCN1,-109.65
CC1NOC(NCC2CCC(Cl)C(F)C2)N1,-116.12
CC(F)(F)C#N,-85.0
CN(C)C(=O)C(F)(F)I,-51.0
O=C(NCC1CCCCC1F)NC1CNNS1,-110.15
O=C(O)C1CCNN1C(F)F,-96.91
F/C=C/COCC1=CC=CC=C1,-125.0
O=C(C1CCCO1)N1CCN(C2CCCCC2F)CC1,-123.48
[H]C1=C(C(F)(F)F)N=C(C2=CC=C(C)C=C2)O1,-62.3
CCCCCCCCC(F)Br,-131.0
FCI,-191.0
FC(F)(F)C1CCCCN1,-67.5
FC(F)(F)CC1=CC=CC(CC(F)(F)F)=N1,-65.0
CCCCOCC(F)(F)F,-75.0
CC1NSCC1C(=O)N(C)C1CCCC(F)C1,-111.63
CC1(C2CCC(F)CC2)CC1N.Cl,-115.19
CC1C[NH]CC1C(=O)N1C[C@@H](F)C[C@H]1CO,-167.39
OCCC1CN(-C2CCCCC2F)NN1,-124.78
N#CC1CCCCC1CN1CCCC(C(F)(F)F)C1=O,-65.36
CC1CC(F)CC(C(=O)NC2(C(=O)O)CC2)C1,-114.33
CC1NC(C(F)(F)F)C(C(=O)O)O1,-61.38
CN(C)C(=O)C1CCC(-N2CCCC2)C(F)C1,-124.96
CC1NC(CNC2CCC(F)CC2C)NO1,-127.13
CCCC[Si](F)(CCCC)CCCC,-171.0
O=C(N[C@H]1C[C@@H]1C(F)F)C1CCCCC1,-115.79
CCOP(=O)(OCC)/C(F)=C/C(C)N(CC1=CC=CC=C1)CC1=CC=CC=C1,-127.0
FCN1C=NC2=C1C=CC=C2,-164.0
O=C(NC1CC(-N2CCCC2)CCC1F)N1CCCC1,-128.85
[H]C1=C(C(F)(F)F)N=C(C2=CC=C(C)C=C2)S1,-61.6
CNC(=O)NC1CC(OC(F)F)N(C)N1,-84.93
OC1(C(F)(F)F)CCN(CC2CC=CCC2)CC1,-84.34
CC1(F)CCCC1,-135.0
O=C(CN1CCCCC1)NC1CCCCC1F,-124.99
N#CC1CCC(NC2CCN(C(=O)C3CC3)CC2)C(F)C1,-133.31
CC(=O)N1CCC(C2CCC(C(F)(F)F)CC2)CC1,-61.92
CC1[NH]NCC1C(=O)N[C@@H]1CCCC[C@H]1F,-175.95
CC1CC(C(=O)N2CCCC(C(=O)O)C2)C(Cl)CC1F,-113.22
FC1CCCCCC1,-165.0
OCC1CCNN1CCF,-222.29
N#CC(F)(F)I,-46.5
F/C(Cl)=C\C(Cl)(Cl)Cl,-59.49
Cl.NCC(=O)NC1(C2CCCCC2F)CC1,-116.66
CC1CCC2C(F)CCCC2C1NS(C)(=O)=O,-117.89
O=C(C1CCC(-N2CCCN2)C(F)C1)N1CCNCC1,-123.74
FC(F)CCC1=CC=CC=C1,-117.0
NC1CCC(F)CC1,-130.72
FC1=CC=CC2=CC=CC=C12,-124.0
FC(F)(F)C1CCC(C(F)(F)F)CC1,-64.3
NC1CCNN1-C1CCC(F)CC1,-113.42
O=S(=O)(CCC(F)(F)F)N1CCOCC2(CC2)C1,-65.55
CC1CCC(F)C(NC(=O)NCC2CN[NH]C2)C1,-132.14
CCCCN1CCN(C(F)(F)F)C1=S,-59.3
CC(C1CCCCC1F)N1CCC(C(=O)O)C1.Cl,-117.08
COC1CCCC(C(=O)N2CC3CC2(C(F)(F)F)C3)C1,-67.15
FC1CNCC(F)C1,-125.0
NC1CCN(-C2CCC(F)CN2)N1,-132.17
CNC(=O)NC1CC(C2CCC(F)C(Cl)C2)C1,-120.83
CS(=O)(=O)N1CCN(C(=O)CC(F)(F)F)CC1,-62.65
FC1CCCCC1CC1NNC2N1CCNC2,-118.06
CC1(C2CCCCC2F)CNC1=O,-116.4
F/C=C/CBr,-124.0
O=C(C1C(F)CCCC1Cl)N1CCC2CNCCC21,-114.84
OC[C@H]1C=C[C@@H](NC2NCCCC2F)C1,-139.2
N#CC1C[NH]C(C(=O)NC2CC(C(F)(F)F)CCN2)C1,-64.84
O=C(NC1CCCC(F)C1)N[C@@H]1C[C@H]1CO,-112.53
O=[N+]([O-])C1CCC(C(F)(F)F)C([N+](=O)[O-])C1,-60.3
O=C1NC2(CCCCC2)C(=O)N1CC1CCCCC1F,-119.03
CCC(C)C(=O)N1CCN(C(=O)C2CCC(F)CC2)CC1,-109.83
CC(C)C(F)F,-127.0
O=C(NCC1CCCO1)NC1CCCC(F)C1,-112.52
CC1CCC(CN2CCC(O)(C(F)(F)F)CC2)O1,-84.33
CC1NN(CC(F)F)CC1C(=O)O,-123.95
O=C(CCC(F)(F)F)N1CC2CCC1C2,-66.4
CC1CCC(C(N)C(F)(F)F)O1.Cl,-75.22
N#CCCN1CC(F)(C2CCCCC2)C1,-139.32
[H]C1=NN(C)C(C(F)F)=C1C,-113.0
[H]C(F)(OC1=CC=CC=C1)C(=O)OCC,-130.0
CN(C1NCCCC1F)C1CCOC1,-127.45
O=C(O)C1CCC(OC2CCC(F)CC2)NC1,-117.74
CNCC1CCN(S(=O)(=O)C2CCC(C)C(F)C2)C1,-114.27
OC[C@@H]1C[C@H]1NC1NCCCC1F,-139.38
O=C(O)C1CCNC2CC(F)CCC21,-123.93
CCN1C(NC(=O)C2CCOC2C)NC2CC(F)CCC21,-119.57
CCCCCCC(F)SC,-112.0
FC1CCC2NC(CC3CCNCC3)OC2C1,-116.02
CN1CCC(NC(=O)C2CCC(Cl)CC2F)N1,-112.28
CC(=O)C(F)(F)C(=O)C1=CC=CC=C1,-109.0
CC1CCC(F)CC1-N1NCC(C#N)C1N,-115.49
CC(C)C1NC(=O)N(CC2CCC(F)C(C#N)C2)C1=O,-108.92
CN(CC(N)=O)C1NC2CC(F)CCC2O1,-118.87
O=[N+]([O-])C(F)(F)C(F)(F)[N+](=O)[O-],-99.0
CCC(F)(CC)CC,-156.0
O=C(O)C1C(F)CCC2CCNCC12,-124.55
[H]C(F)(C1=CC=CC=C1)[N+](=O)[O-],-137.0
O=C(NC1CC(F)CCC1-N1CCCN1)N1CCCC1,-111.86
CC1CCC(C(=O)NC(C)C2CCOC2)C(F)C1,-116.37
O=S(=O)(C1CNCC(F)C1)N1CC2CCCCC2C1,-122.36
O=C(NC1CCC(F)CN1)C1=CCOCC1,-130.96
OCC1CNC2CCC(F)CN12,-139.56
CN1NCCC1C(F)(F)F,-60.95
N#CCC1(O)CN(CC2CCCCC2F)C1,-118.22
CC1CC(CN2CC(O)CC2(C)CO)CCC1F,-119.86
CC1=CC=C(F)C=C1,-119.2
CC1CC(NC(=O)NCC2CCCCC2F)NO1,-128.27
O=S(=O)(C1CCCC(F)C1)N1CCCCC1,-110.24
[H]/C(F)=C(/C)CCCCCCCCCCC,-137.0
O=C1CC(C(F)(F)F)CN[NH]1,-65.95
[H]C1=NN(C)C(F)=C1[H],-136.0
N#CC1(C2CCCC(F)C2)CC1,-112.79
[H]/C(C1=CC=CC=C1)=C(\F)OC,-88.0
O=C(O)C1CNCC(C(F)F)C1,-113.39
CN1C(N)NC2CC(F)CCC21,-122.6
CC1NC(C)C(C(=O)N2CCOC3CCCC(F)C32)O1,-117.84
O=C(C1CNCC(O)C1)N1CCC2CCCC(F)C2C1,-120.45
CC1NCSC1CN1CCOC(C(F)F)C1,-130.55
O=C(C1CCC[NH]1)N1CCCC1CF,-228.5
NC1CC2C(CC1F)NC(=O)CC2,-135.44
CC1CC(F)CCC1OCC1CNNN1C,-122.24
CCOC(=O)C(F)(F)Br,-61.3
CC1NNC(CN2CC(C(F)(F)F)CC(Cl)C2=O)O1,-62.33
O=C(NCC1CCC(F)CN1)[C@@H]1CCCO1,-128.86
O=CCCC(F)(F)F,-66.0
N#CC1(C(=O)N[C@@H]2CCCC[C@H]2F)CCC1,-176.67
CC1CC(CN2NC(C(F)(F)F)NC2C)NO1,-65.51
Cl.N=C1SCCN1CC1CCCCC1F,-117.54
FC(F)(Br)C1=CC=C(C(F)(F)Br)C=C1,-46.0
FC(F)(P(C1=CC=CC=C1)C1=CC=CC=C1)P(C1=CC=CC=C1)C1=CC=CC=C1,-95.0
CCC(F)C(=O)N(C)C,-187.0
O=C(O)C1CCC(F)C2CCCNC12,-117.7
[H]/C(F)=C(/CCCCCC)C(=O)OC,-117.0
CC1CCC(F)CC1CN1C(=O)NC2(CCC2)C1=O,-117.58
CC1CCC(F)CC1CN1C(=O)CN(C)C1=O,-117.64
O=C1OC(C(F)(F)F)C2=C1C=CC=C2,-34.0
CN1NCC(CNC(=O)NC2CCCCC2F)C1N,-127.16
FC(F)(F)C1C(-C2CCCCC2)C(C(F)(F)F)C(-C2CCCCC2)C(C(F)(F)F)C1-C1CCCCC1,-46.85
FC1CC2CCCCC2O1,-112.3
CC1CCC(F)C(S(=O)(=O)NC2CCCC(C)N2)C1,-116.51
CC1NNNN1CC1CCC(C(F)F)CC1,-110.52
CCCN1CCC(C2NOC3CC(F)CCC23)CC1,-108.71
O=[N+]([O-])C1=CC=C(F)C=C1,-103.6
CC(O)(CN1CCNN1)C(F)(F)F,-81.44
CN1[NH]C(C(F)(F)F)C(-C2CCC(Cl)CC2)C1=N,-59.9
O=C(CCC1CCCCC1F)N1CCCC2NCCCC21,-119.32
OC1CCN(C2CCC(C(F)(F)F)CN2)CC1,-60.98
FC1CCC(C2CNCCN2)CC1,-115.07
CC(=O)C(F)(F)C(C)=O,-115.0
FC(F)(F)C1=CC2=C(C=CC=C2)O1,-65.0
FC1CCCNC1NCC1CCOCC1,-139.66
CC1CN(C(=O)C2CC3C(F)CCCC3S2)CCO1,-117.45
CC1NC2CC(F)CCC2CC1C(=O)N1CCCC1,-107.09
CC1CCCN(C(=O)CNC(=O)C2CCCCC2F)C1,-114.52
CO[C@H]1[C@H](O)[C@@H](O)[C@H](O)[C@H](O)[C@@H]1F,-196.9
C=CC(F)(F)I,-42.0
CC1CCCC(NC(=O)NC2CCCCNC2=O)C1F,-122.62
NC1CC(CN2CCC[C@@H]2C(F)F)CCN1,-124.77
N[C@@H]1CCN(C(=O)C2(C3CCCC(C(F)(F)F)C3)CC2)C1,-62.31
CCC1CN(C(=O)NC2CC(F)CCC2C)CCO1,-117.25
CC1CC(N)N(-C2CC(C(F)(F)F)CCC2Cl)N1,-62.47
FC1CNCC(NCC2CNCS2)C1,-126.66
O=S(=O)(CF)C1=CC=CC=C1,-211.0
FCC1=NC2=CC=CC=C2C2=C1C=CC=C2,-111.0
CCN1CNCC1CN1CCCC(C)(F)C1,-147.63
O=C(C1=CCCCC1)N1CC(CC(F)F)C1,-116.77
CC1CC(C(=O)N2CCOC3CCCC(F)C3C2)ON1,-116.81
CC1(C(=O)O)CCN(C(=O)C2CCCC(F)C2Cl)C1,-114.35
FC(F)(F)CCl,-72.1
CN(CC1CCC(F)CC1Cl)C(=O)C1(N)CCCC1.Cl,-113.39
FC1CCC2C(C1)CCNC2,-116.73
FC(F)(F)C(Cl)Cl,-78.5
O=C(C1=CCCC1)N1CCN2C(NNC2C(F)(F)F)C1,-62.09
CC1NOC(C)C1NC(=O)C1CCC(F)CC1,-106.85
FC1=NC=NC2=CC=CC=C21,-64.0
FC1=CCCC1,-125.0
FC(F)(Cl)C(Cl)(Cl)C(F)(F)Cl,-58.42
COC1CCC(S(=O)(=O)NC2CC=CC2)C(C)C1F,-135.98
O=C(F)F,-19.0
FC1=CNC2=CC=CC=C12,-175.0
O=C(NC1CC(Cl)CCC1F)NC1CC1,-120.03
CCCCCCCC(O)OCC(F)(F)F,-74.0
CC1CCC(NC(=O)N2CC[C@H](O)C2)CC1C(F)(F)F,-61.61
[H]/C(F)=P/C1=C(C)C=C(C)C=C1C,-69.0
CN(C)C(=O)C(F)F,-122.7
CN1C(=O)[NH]C2CCC(F)CC21,-120.91
[H]C1=NC(C(F)(F)F)=NC([H])=C1[H],-71.0
F[As](F)F,-40.6
O=C1C2CCCN2C(=O)N1CC1CCC(F)CC1,-114.89
CC1CC(C)N(-C2CCC(NC(=O)C3CC3)CC2F)N1,-121.15
FC(F)(F)CC(Cl)Cl,-62.1
NC(=O)C1(C2CCCC(F)C2)CCC1,-113.2
O=C(NCC1CCOC1)C1CCC(Cl)CC1F,-112.67
Cl.FC(F)(F)[C@]12CCC[C@H]1CNC2,-74.53
O=C(O)C1CCN(CCF)N1,-222.27
OCCCC(F)(F)F,-67.4
FC(F)(F)C1(C2=CC=CC=C2)NN1,-76.0
CC1NOC(C)C1CC(=O)NC1CCC(Cl)C(F)C1,-114.47
FC(F)(F)C(F)(F)F,-88.2
N#CC1CC(F)CCC1N1CCCOCC1,-123.57
FP(F)(F)(F)F,-71.0
CC1COCCN1C(=O)NC1CCC(F)CC1C#N,-114.21
FC1=CC=NC2=CC=CC=C12,-113.0
FC1(F)OC(F)(F)C(F)(F)OC(F)(F)C(F)(F)OC(F)(F)C(F)(F)OC(F)(F)C(F)(F)OC(F)(F)C(F)(F)OC(F)(F)C(F)(F)OC(F)(F)C(F)(F)OC(F)(F)C(F)(F)OC(F)(F)C(F)(F)OC1(F)F,-89.0
CC1(F)CC(NC(=O)C2CCCS2)C1,-136.72
O=S(=O)(C1CCC(F)CC1)N1CCCO1,-102.02
CC1CN(CC(=O)O)NC1C(F)(F)F,-61.33
FC(F)OCC1=CC=CC=C1,-84.8
F[C@@H]1CCCC[C@H]1NCC1CSNN1,-176.19
CC1COC2CCC(C(F)(F)F)CC2N1,-61.31
CC1CC(CO)CN(C2CCC(F)CN2)C1,-141.92
O=C(NC1CC1)C1CC1(F)C1CCCCC1,-153.74
CCC1CN(S(=O)(=O)CC2CCCCC2F)CCO1,-117.1
FC(F)(F)C1=CC=CC(Cl)=N1,-69.0
O=C(NC1CCCCC1CO)C1CCCC(F)C1Cl,-114.37
NC(=O)N1CCC2C(Cl)CC(F)CC2C1,-115.11
CN(C(=O)C1CCCC(C(F)F)C1)C1CNN(C)C1,-110.85
CC(NC1CCC(F)CC1)C1NNCN1C,-126.41
CC1CCCCC1CC(=O)N1CCC(O)(C(F)(F)F)C1,-80.44
CN(C)CC1CCCN1S(=O)(=O)C1CCCCC1F,-108.84
COCC1C(C(N)=O)SC2CCCC(F)C12,-118.77
CCCCC/C=C/C=C/C(F)(F)F,-64.0
C=C(F)Cl,-68.0
CN(C)C(=O)C1C[NH]C(C(F)(F)F)C1,-59.53
CN1CCN(C2NCCCC2F)CC1=O,-128.36
CN(C)C(=O)C1CCCN1C(=O)C1CCCCC1F,-115.8
CC1CCC(C(F)(F)C2CCC(C)CC2)CC1,-88.05
FC(F)(F)C1=CNC=C1,-61.0
O=S(=O)(Cl)C(F)(F)F,-76.0
N#CC1CC(F)CCC1N1CCC(O)CC1,-120.0
CC1NOC(C)C1NC(=O)C1CCCCC1C(F)(F)F,-58.88
CC1CC(C(=O)NCC2N[NH]C(=O)[NH]2)CCC1F,-111.89
COC1CCC(-C2C(-C3CCC(OC)CC3)C(C(F)(F)F)C(-C3CCCCC3)C(-C3CCCCC3)C2C(F)(F)F)CC1,-50.5
COC1CCCC(C(=O)N2CCC(C)(O)C2)C1F,-139.92
O=S(CF)C1=CC=CC=C1,-213.0
[H]/C(C(=O)OC)=C(/F)C1=CC=CC=C1,-97.0
O=C(C1CCC(F)CC1Cl)N1CCCNCC1,-108.69
N#CC1(C(=O)NC2NCCCC2F)CCCCC1,-125.26
CC(C)(C(=O)N1CC[C@H](O)C1)C1CCC(F)CC1,-116.69
OCCC1CCCNC1C(F)(F)F,-63.02
O=C(NC1(C(=O)O)CC1)C1CC2CC(F)CCC2[NH]1,-123.68
CCS(=O)(=O)N1CC(=O)NC2C(F)CCCC21,-130.28
O=C(C1CCCO1)N(C1CCC(F)CN1)C1CCOCC1,-125.03
FC1CC(C#CC2CCCCC2)CCC1C#CC1CCCCC1,-109.5
CNC(=O)C1NC(C)N(-C2CCC(F)CC2)N1,-111.25
CC1NCSC1C(=O)NC1(C2CCC(F)CC2)CCC1,-116.7
CC1CCC(F)C(OCC2CNNN2C)C1,-139.94
CC1NCCC(N(C)CC(F)F)N1,-122.21
CC1(CNS(=O)(=O)C2CCCC(F)C2)CCNCC1.Cl,-110.2
CO[C@H]1C[C@@H](CO)N(C(=O)C2CCC(F)CC2Cl)C1,-108.89
O=C(CNC1CCCC(Cl)C1F)N1CCNC1=O,-137.93
OC(O)(C(F)(F)F)C(F)(F)F,-93.0
CC1COC(CO)CN1CC1CCCC(Cl)C1F,-118.91
[H]/C(C(=O)CC)=C(\F)CCCC,-78.0
O=C(CC1CCCCC1F)NC1CCCNC1=O,-117.82
NC(=O)C1CCC(=O)N(CC2CC(Cl)CCC2F)N1,-120.32
FC(F)(F)C1=CC=C(Cl)C=C1,-63.1
NC(=O)NC[C@H]1CCCC[C@H]1C(F)(F)F,-66.84
O=C(CCC1CCC(F)CC1)N1CCOCC1,-117.36
FC(F)(F)C1CCNC(N2CCCOCC2)C1,-65.09
CC1(C)CC(N)C2CC(F)CCC2O1.Cl,-122.46
O=S(=O)(C1CC1)N1CC=C(C2CNCC(F)C2)CC1,-126.71
CC1CC(F)CCC1C1CCNCC1,-118.09
FC(F)(C(Cl)(Cl)Cl)C(Cl)(Cl)Cl,-97.62
CC1CCC(C(=O)NC2(C3CCCC(F)C3)CC2)O1,-113.88
CC1CC(NCC2CCC(F)CC2C)NO1,-116.6
CCOC1CCC2C(C1)CN(C(=O)[C@H]1C[C@H](F)CN1)CC2,-173.58
CC1C(C(=O)N2CCOCC2)OC2CCC(F)CC12,-120.07
O=C(NC1CCCC(F)C1)N1CCN2CCC1CC2,-112.41
O[C@@H]1CCCC[C@H]1C1CCCCC1F,-119.86
O=C(NC1CC1)C1CC(Cl)CCC1F,-117.65
FC1=CC2=C(C=C1)OC1=C2C=CC=C1,-121.0
O=C(NC1CCN(C2CCC(F)CC2)CC1)C1CCCO1,-122.68
CC(C)(F)SC1=CC=CC=C1,-108.0
COC1CC(NC2CCNC2=O)CCC1F,-149.14
CCCC/C=C/C(F)(F)F,-65.0
COC1CCC(F)C(NC(=O)C2CCNCC2Cl)C1,-133.71
O=S(=O)(CC1CCCCO1)C1CCCC(F)C1,-110.15
FC(F)(F)C1=CC(Cl)=NC=C1,-65.0
O=C(CC1CCCC(F)C1)N1CCCCC1C1NCON1,-114.02
O=C(O)C1CC(-C2CCCCC2F)NO1,-114.4
CC1CCCC(NC(=O)C(=O)N(C)C2CCSC2)C1F,-128.02
CN(CC1CNN(C)C1)C(=O)NC1CCC(F)CC1Cl,-114.53
CNC(=O)C1CCCCN1C(=O)CC1CCCCC1F,-117.65
FC(F)(F)C1=CC=CC=C1,-63.0
CS(=O)(=O)NCCC1C[NH]C2CCC(F)CC12,-125.37
NC(=O)N1CCC(NC2CCC(C3CC3)C(F)C2)CC1,-119.42
FC1(F)CCCCCCC1,-91.5
CC1CC(C(=O)NC2(C(F)F)CC2)OC1C,-120.61
O=C(NC1CCC(N2CCCC2=O)C(F)C1)C1CCCO1,-119.06
CCN1NCC(C(=O)O)C1C(F)(F)F,-61.12
O=C(NCCC1CCC(F)CC1)N1CCN2CCNC21,-117.41
CC1N[NH]C(N)C1-C1CCC(F)CC1,-116.43
O=C(C1CCC1)N1CCOC(C2CCC(F)CC2)C1,-113.56
[H]C1=C(CCC2=CC=CC=C2)OC(C(F)(F)F)=C1[H],-65.0
C/C=C\C(C)(F)F,-84.0
COC1CN(C(=O)C2CNCC(F)C2)C1,-124.58
FC(F)(F)COC1=CC=CC=C1,-75.0
FC(F)(F)C1=CC(C(F)(F)F)=C(C(F)(F)F)C=C1C(F)(F)F,-60.3
O=S1(=O)CCC[C@@]2(C(F)(F)F)CNC[C@H]21,-73.25
CC1CN(C(=O)CC(F)(F)F)C2CCCNC2O1,-62.43
C=C(F)CI,-97.0
CC1CC(F)CCC1NCC1CNCN1C,-127.46
CC1CCOC1C(=O)N[C@H]1CCOC2C(F)CCCC21,-137.71
O=C(NCC1CCC2C(C1)OCO2)C1CCCC(F)C1,-112.29
CC1CCC(NC(=O)N2CCCC2)C(F)C1,-124.75
O=C(NC1CCCC(F)C1)N[C@H]1C[C@@H](O)C1,-112.53
FC(F)(F)C=C(Cl)Cl,-60.4
CC1C(Cl)C(C(F)F)NN1CC(=O)O,-115.72
COCC(=O)N1CCSC2CCC(C(F)(F)F)CC21,-62.06
CC1NCCN1CC1CCCC(C#N)C1F,-112.58
CC1CC(CN2CCC[C@@H]2C(F)F)ON1,-124.63
CC1CNN(CC2CCCCC2F)C1N,-118.99
CC1CC(F)CC(NC2CCNC2=O)C1,-114.1
O=C1NCCN2CNC(C(F)(F)F)C21,-60.63
O=C(C1CCC(OC(F)F)CN1)N1CCC1,-82.9
CC1CCN(C(=O)NCC2CCC(C#N)CC2F)CC1,-116.86
FC(F)(Br)OC1=CC=CC=C1,-13.0
O=C(C1CC1)N1CCOC(C2CCCCC2C(F)(F)F)C1,-58.36
CC(=O)N1CCOCC1C1CCC(F)CC1,-115.58
NC(=O)[C@@H]1CN(C(=O)C2CC=CC2)C[C@H]1C(F)(F)F,-70.71
FC(F)(Br)SC1=CC=CC=C1,-22.0
FC1=CCCCC1,-101.0
O=C(C1CCCCC1)N1CCN(C2CC(C(F)F)C2)CC1,-122.38
[H]C1=C(C(F)(F)F)N(C2=CC=CC=C2)N=C1C,-62.5
CC1CCC(NC(=O)C2CC(F)C[NH]2)CN1,-163.27
O=C1CC(C(F)(F)F)[NH]N1CC1CCC(Cl)CC1,-62.64
FC(F)(F)C1C(-C2CCCCC2)C(-C2CCCCC2)C(-C2CCCCC2)C(-C2CCCCC2)C1-C1CCCCC1,-48.05
COC1CCCC(C(=O)N[C@@H]2CCC[C@@H]2F)C1,-189.14
Cl.NC1NN(-C2CCC(F)CC2)C2C1CCC2,-133.24
O=C(O)C1CSC(C2CCC(F)CC2)N1,-113.23
O=C(O)C1CC(-C2CCC(F)CC2)[NH]N1,-113.89
O=C([O-])C(F)(F)F.[K+],-74.04
CC1CC(C)N(CC(=O)NC2CCCCC2F)N1,-124.64
COC1CCCC(C2(N)CCOCC2)C1F.Cl,-135.16
CC1CCC(C(=O)NC2NNC3N2CCCC3)CC1F,-118.28
O=C(NC1NCCCC1F)C1CSC2CCCCC21,-125.25
CCC(=O)NCC1NC2CC(F)CCC2O1,-118.03
CNC(=O)CN1CCCC1C1CCC(F)CC1,-115.72
CC1CC(=O)NCCN1CC1CCC(C#N)C(F)C1,-108.17
CC(NC(=O)NC1NCCS1)C1CCCC(F)C1,-113.33
CC1CCC(NC(=O)N2CCC(O)C2)CC1OC(F)F,-81.04
NC(=O)C1CSC(CN2CCOC3CC(F)CCC32)C1,-124.32
O=C(O)C1(C(=O)NC2CCCC(F)C2)CC1,-112.9
CC1(C)CN(C(=O)C2CCNCC2C(F)(F)F)CCO1,-60.22
CCOC(=O)C(F)CC,-194.0
FC(F)(F)C1CNCC(CN2CCNC2)C1,-62.5
O=C(C1=CC=CC=C1)C(F)(F)Br,-58.0
CC(N)C1CCC(F)CC1,-116.4
O=C(NC1CCC(F)CC1)N1CCCCCC1,-120.01
COC1CC(C(=O)N2CCCC2C(F)(F)F)ON1,-73.49
OC1CCC(NC2NCC(C(F)(F)F)CC2Cl)CC1,-60.9
N#CC1CC(C(=O)N2CC3CCCCC3C2)CCC1F,-104.17
O=C(NC1CCC(F)C(-N2CCCC2)C1)C1CCOC1,-129.99
FC1CCC2OC(N3CCCO3)NC2C1,-118.05
COCC1CCN1C(=O)C1CCNCC1F,-128.54
CC1CCC(NC(=O)C2CCC(=O)N2)C(F)C1,-124.62
CC1CC(CNC(=O)C(=O)N2CCCC2)CCC1F,-120.03
C[C@@H]1OC[C@H](C(F)(F)F)[C@H]1C(=O)O,-71.14
N#CC1CC(F)CCC1NC(=O)N1CCOCC1,-114.34
FC(F)(F)CC(F)(F)F,-63.46
N#CC1CCN(C(=O)N2CCC3CCCC(F)C32)CC1,-122.84
CC(O)(C1CCCCC1)C(F)(F)S(=O)(=O)C1CCCCC1,-105.3
CCN1CC(C(=O)N(C)C2CCC(F)C(Cl)C2)CN1,-115.85
CN(CC(F)F)C1CCC(C#N)CN1,-122.24
O=C(CN1CNCN1)NC1CCSC2C(F)CCCC21,-114.28
[H]C1=NC(F)=C([H])N1,-140.0
CCC1NCNC(-N2CCNC2)C1F,-141.88
CC(C)/N=C(\C1=CC=CC=C1)C(F)F,-118.0
O=C(C1CCC(F)CC1)N1CCN(C(=O)C2CC2)CC1,-109.87
O=C1C2CCCCC2C(=O)N1[C@@H]1C[C@@H](C(F)(F)F)N=N1,-71.7
NC(N)(C1=CC=CC=C1)C(F)(F)F,-66.0
NC1NC2CCC(F)CC2O1,-120.99
CCCCCCCCC(F)(F)Cl,-49.0
CC1NC(O)CC(C(F)(F)F)N1,-70.92
[H]/C(C(=O)O)=C(\F)CC,-73.0
FC1(F)CCCCC1,-97.0
FC(F)(F)C1=CC2=CC=CC=C2S1,-57.0
FC(F)(F)C(Cl)(Cl)Cl,-82.2
CC1(C)CN(C(=O)C2CC[NH]N2)CCC1C(F)(F)F,-64.21
FC(F)(F)CC1CCCC(CC(F)(F)F)N1,-64.8
CC1NC2CC(F)CCC2CC1C(=O)N1CCOCC1C,-106.81
CC1CCC(CN2CCCC(C)(F)C2)NN1,-148.03
OCC1C(OC(F)F)CCC2CCCCC12,-81.12
CC1(C(=O)NCC2CCCCC2F)COC1,-119.79
O=C(NC1CCCCN1)C1CCC(F)CC1,-106.95
CC1CC(NC2NCC(F)CN2)CS1,-155.0
NC1CNCCC1C(F)(F)F,-65.2
FC(Cl)(Cl)CC1=CC=CC=C1,-56.0
[H]/C(=C(/C)C(=O)C1=CC=CC=C1)C(F)(F)F,-60.0
O=C(O)[C@]1(C2CCCCC2)C[C@@H](F)C1,-165.2
CC1(CNC(=O)N2CC(F)C2)CCOC1,-180.69
CC1N[NH]CC1CNC1CCCCC1F,-134.54
CC1NC(C)C(C(=O)NC2CCC(F)CC2)S1,-116.53
CC1C(F)CCCC1NC(=O)C1(C)COC1,-115.52
CC(C(=O)N1C[C@@H](F)C[C@H]1CO)N1CCCN1,-170.13
N#CC1CCC(=O)N(CC2CCCCC2F)C1,-117.94
CS(=O)(=O)NC1CCCC(C(F)(F)F)C1,-72.66
O=C(NC1CN[NH]C1)C1CCCC(F)C1,-112.25
CN(CC1CCC(C#N)CC1)C(=O)NC1CCNCC1F,-140.8
OC(C1=CC=CC=C1)C(F)(F)F,-79.0
CC1CC(CN(C)C(=O)NC2CCCC(F)C2)NO1,-112.87
O=C(NC1CNCC(F)C1)C1CC12CC2,-125.25
O=C(C1CCC(OC(F)(F)F)CC1)N1CCOCC1,-57.79
FC(F)(F)C1C(-C2CCCCC2)C(-C2CCCCC2)C(-C2CCCCC2)C(C(F)(F)F)C1-C1CCCCC1,-47.6
O=C(COC(F)F)N1C[C@@H]2C[C@H]1CS2,-85.07
O=C(C1CCCCC1C(F)(F)F)N1CCSCC1,-59.66
FC1=CCC1,-85.0
CC1(CC2CCC(F)CC2)CCCN1,-117.1
O=C1CCN(CC2NC(C(F)(F)F)CS2)CCN1,-63.49
O=S1CCN(CC2CCC(F)CC2)CC1,-115.15
[H]/C(C(=O)O)=C(/[H])C(F)(F)F,-66.0
CC1=CCN(C2NCCC(C(F)F)N2)CC1,-120.41
CC(=O)NC1(C2CCC(F)CC2)CCCC1,-117.59
CC(=O)N(CC1CCCCC1F)C1CCS(=O)(=O)C1,-118.36
O=C(CC1CCNCC1)NC1CCCCC1F,-124.27
CCCCCCCC(F)(F)C(=O)OCC,-105.0
CC1CC(F)C2C(C1)CCNC2,-121.97
CC(C)N1CCC(NC(=O)NC2CCNCC2F)C1=O,-144.72
CC1=CC=C(S(=O)(=O)OC(F)(F)F)C=C1,-54.0
CC(=O)NC1C(F)CCCC1NC1CC1,-122.59
O=C(O)CN1CC(Cl)C(C(F)(F)F)N1,-62.21
O=C1[NH]CCC2CCC(F)CC12,-112.71
N#CC1(NC(=O)C2CCC(F)CN2)CCC1,-120.38
[H]C(=C1CCCCC1)C(F)(F)F,-58.0
O=C(NC1CCC(F)CC1)C1(CO)COC1,-116.9
CC1CN(CC2CNCC(F)C2)CCCO1,-126.29
CN1CC(C(F)(F)F)NN1,-61.06
FC(F)C1CNC(NC2CC23CC3)NC1,-110.71
CCN(C)S(=O)(=O)C1CNCC(F)C1,-122.67
CC1NC2CC(F)CCC2[NH]1,-121.11
CCOC(=O)C(F)(F)C1=NC2=CC=CC=C2C=C1,-105.0
N#CC1CCCC(C(=O)N2CCC(C(F)(F)F)CC2)C1,-73.58
CC1(F)CC(NC(=O)C2CCCO2)C1,-138.05
O=C(O)C1CCC(F)C2OCCC12,-134.19
O=C1[NH]CCN2NC(C(F)(F)F)CC12,-61.71
CC(C)(N)C(=O)N1CCN(C(=O)CC(F)(F)F)CC1.Cl,-62.7
CN(CC1CCC(F)C(C#N)C1)C1CCSC1,-109.69
CN(CC1CCNCC1)C(=O)NC1CCC(F)CC1,-118.91
CC1CN(C2CCN(CC(F)(F)F)C2=O)CCS1,-69.87
O=C(O)C1CN(C(=O)C2CCC(F)CC2)CCS1,-110.82
O=C(C1CCC(=O)N(-C2CCCCC2F)N1)N1CCC1,-121.56
O=S(=O)(C1CCCC(F)C1)N1CCCO1,-109.67
COC(=O)C1NNN(CC2CCCCC2)C1C(F)(F)F,-56.61
CC1CC(NC(=O)C2CCN(C)C(=O)C2)CCC1F,-121.67
CCC1CCN(C(=O)C(C)C(F)(F)F)C1,-69.36
CC1CC(CNC(=O)NC2CC2)CCC1F,-120.94
CCOC(=O)C(F)(F)F,-76.0
CC1NCC(CNC2CNCC(F)C2)S1,-126.56
COC(=O)C(F)(F)OS(=O)(=O)OC(F)(F)C(=O)OC,-77.63
CCC1C(=O)NCCN1C(=O)NC(C)C1CCC(F)CC1,-116.68
CCCC/C(F)=C/CO,-106.0
NC1NC(C(F)(F)F)NS1,-67.28
NS(=O)(=O)C1CNN(-C2CCCC(C(F)(F)F)C2)C1,-62.57
O=C(CC1CCOC1)NC1CCNCC1F,-140.76
CC(C1CCC(F)C(Cl)C1)N1CCC(C(N)=O)CC1,-118.18
N[C@H]1CCN(S(=O)(=O)C2CCC(C(F)(F)F)CC2)C1,-63.0
CCCCCCCCC(F)(F)CN,-107.8
FC1CC2C(C(CN3CCSCC3)C1)OCOC2,-122.29
CC(C)N1C(=O)NC2(CCN(CC(F)(F)F)C2)C1=O,-69.45
FC(Br)Br,-86.0
O=C(O)C1NC(C(F)(F)F)N2C1CCCC2,-62.7
CN(CC1NCNN1C)C1CCCCC1F,-123.27
O=C(NCC1CCCC(F)C1)N1CCCO1,-113.57
O=C(NC1CCC2CN[NH]C2C1)C1CCC(F)CN1,-121.42
O=C(NC1CCC(F)CC1)N[C@@H]1C[C@H]1CO,-120.07
Cl.FC1CNC2C(C1)CCN2,-142.61
COC1(C)CN(C2NCCCC2F)C1,-137.41
O=C(OO)C(F)(F)F,-78.7
F/C(Cl)=C/C1=CC=C(I)C=C1,-70.0
CC(C)(CO)NC(=O)C1CC(F)CC2CCCNC12,-112.66
CC(C)(C)C1=C2C(F)=CC=CC2=CC=C1,-96.0
O=C(/C=C(\NCC1CN(CC2CCCCC2)NN1)C1CCCCC1)C(F)(F)F,-77.11
FC1CCC(N2CCSCC2)NC1,-141.94
CN(C)C(=O)CC1NOC2CCC(F)CC12,-119.63
CC1CC(F)CC2C1CN(C(=O)C1CCNCC1)CC2,-117.27
CCN(CCF)C1=CC=CC=C1,-193.0
[H]C1=C(C(F)(F)F)ON=C1C,-59.0
CCN(CC)C(=O)N1CCN(C2NCCCC2F)CC1,-127.35
CC1NN(-C2CCC(F)CC2)C(N)C1C(N)=O,-112.54
CCC1NCC(NC(=O)C2CC(F)CCC2C)CN1,-117.14
CC(C)(C(=O)N1CC(N2CCNC2)C1)C1CCCCC1F,-114.47
CCOCC(=O)N1CC2CCCC(F)C2C1,-118.52
FC(Br)=C(C1=CC=CC=C1)C1=CC=CC=C1,-71.0
O=C(O)C1NN(CC(F)(F)F)CC1Cl,-72.12
FC(F)(F)C1=NC2=CC=CC=C2C=C1,-68.0
CCS(=O)(=O)NC1CCC2OC(C(F)(F)F)NC2C1,-67.04
FC1CCCNC1N1CCOC(C2CC2)C1,-127.61
CNC1CCN(C(=O)C2CC(C)CCC2F)C1.Cl,-121.82
O=C1NC2(CCCC2)C(=O)N1CC1C(F)CCCC1Cl,-114.12
CC(C)CC(F)(F)F,-64.08
CCCC(C)(F)F,-91.0
CC1CNC(N2CCOC(CF)C2)S1,-231.81
CCOC(=O)C(F)(F)I,-57.9
FC(F)C1=CCCCC1,-116.0
FC(F)(F)C1C(-C2CCCCC2)C(-C2CCCCC2)C(-C2CCCCC2)C(-C2CCCCC2)C1C(F)(F)F,-49.0
FC1CNCCC1CN1CC2CCC1C2,-129.19
N#CC1CCC(OC[C@H]2C[C@@H](O)C2)CC1F,-105.67
CC1(C)NC(=O)N(CC2CCCC(C(F)(F)F)C2)C1=O,-62.42
C[C@@H]1CCO[C@@H]1C(=O)NC1CCCCC1F,-123.1
CCC(=O)NC1CCC(C(F)(F)F)NN1,-66.65
O=C(NC1(C2CCCCC2F)CC1)C1CNCCO1,-116.39
COC1CCC(NC(=O)NC2CC2)CC1F,-134.83
FC(F)(Cl)CC(F)(F)Cl,-50.93
CC1CCC(F)C(NCC2CCCNC2C)C1,-139.74
COC(=O)C(F)(F)F,-74.21
FC1=NC(F)=NC(F)=N1,-33.0
CC1C(F)CCCC1NCC1NCCN1C,-117.68
CC(=O)N1CCCC2C(Cl)CCC(F)C21,-116.55
CC1NN(C(F)F)C(C)C1CC(=O)N1CCCCO1,-94.91
O=C(C1CCCNC1O)N1CCC(CC(F)(F)F)CC1,-62.98
CN1CCN(S(C)(=O)=O)C2CCC(F)CC21,-114.01
CC1CC(CN2NC(C(F)(F)F)CCC2=O)NO1,-67.29
CC1NCCCC1NS(=O)(=O)CC1CCCC(F)C1,-113.66
CC(=O)OC/C=C/F,-123.0
CC1(CNC2NC3CC(F)CCC3O2)CCCO1,-119.31
CC1CCC(F)C(NC(=O)NC2CNOC2C)C1,-126.88
FCC1CCCN1C1NCCCN1,-227.16
CN1CNNC1CNC1CCC2CCC(F)CC21,-117.69
CCOC(=O)C(C)(F)F,-100.0
O=C(C1=CC=CC=C1)C(F)(F)I,-54.0
CN(C1CCN(C)N1)S(=O)(=O)C1CCC(C(F)F)O1,-116.89
O=C1CC(CN2CCC(C(F)(F)F)CC2)CN1,-73.52
CC(=O)NC1CCC(OC2CCCC2)C(F)C1,-132.85
N#CC1C(F)CCCC1CN1CCOCC1,-111.25
[H]C1=NNC([H])=C1F,-181.0
CC1=NC=C(F)C=N1,-142.0
CCC1CN(C(=O)[C@@H]2C[C@H]2C(F)(F)F)C1,-66.52
CCCCCCC(=O)C(F)(F)Cl,-85.0
NCCC(F)(F)F,-66.0
CC1=CC=C(F)C2=CC=CC=C12,-127.0
CN1CCC(N(C)C(=O)C2CCC(F)CC2)CC1,-110.56
CC1(F)CCN(C(=O)N2CCOCC2)C1,-143.6
CN1C(=O)N(CC(F)(F)F)C(=O)C1C1CCCCC1,-70.82
O=C(NC1CCCC1)C1CC(F)CCC1-N1CCNC1,-111.78
O=C(F)OC1CCCCC1,-16.6
CC1CC(F)CC(C(=O)NCC2CCCNC2)C1,-113.41
N#CC1C(F)CCCC1-N1CCNC1,-104.54
CC1NOC(C)C1CC(=O)NC1CCC(F)C(Cl)C1,-120.3
CC1CC(F)CC(C(=O)NC(C)C2NCON2)C1,-113.44
FC1CNC2[NH]CCC2C1,-139.52
O=C(O)C1NOC2CC(F)CCC12,-102.47
CC1(C)NC(=O)N(CC2CCC(F)CC2)C1=O,-114.95
N#CC1CC(C(=O)N2CCOCC23CC3)CCC1F,-103.56
O=C(CCCC1CCCCC1)C(F)(F)Cl,-68.7
[H]/C(CCCC)=C(\[H])C(F)(F)F,-59.0
[H]C(=O)C(F)CCCCCCCC,-199.0
FC(F)C1N[NH]C2C1CCC2,-112.14
CN1NNCC1NC(=O)NC1(C2CCCCC2F)CC1,-116.69
CCCC1CN(C(=O)C2CC3CC(F)CCC3O2)CCO1,-123.79
CC1(NC(=O)NC2CCNCC2F)CCC1,-145.43
O=C(CN1CCCCCC1=O)NC1CCC(F)C(Cl)C1,-120.48
FC(F)(F)C1=CSC2=CC=CC=C21,-61.0
CC1CCC(CNC(=O)N2CC(F)C2)S1,-180.61
CC1NOC(CN2CCC[C@@H]2C(F)F)N1,-123.65
O=C(NCC(F)F)C1CCC2CC[NH]C2N1,-123.08
CCCCCCOC(=O)C(F)(F)C(=O)OCC,-113.0
N#CCC(=O)NC1N[NH]C2CC(F)CCC12,-113.26
CC1(C)C[C@@H]1NC(=O)C1(CF)CCOCC1,-224.65
O=C(O)C1(C(F)(F)F)CCNC1,-71.98
FC(F)(Br)N1CCCN1,-32.6
O=C(NCC1CCCCC1F)C1CC1,-118.4
NC(=O)N1CCC(CC2CCC(F)CC2)C1,-117.85
N#CC1CC(F)CCC1CN1CNC(C2CCC2)CC1=O,-111.64
F/C(Cl)=C(/F)Cl,-120.0
Cl.FC(F)C1[NH]NC2C1CNCC2,-113.55
O=C(/C=C\NCC1CN(CC2CCCCC2)NN1)C(F)(F)F,-77.88
N#CCCCS(=O)(=O)N1CCC2CCC(F)CC21,-114.69
O=C(O)C1CCOC2C(F)CCCC21,-138.82
COC1CCC(CN2C(=O)NC3(CCCC3)C2=O)CC1F,-135.66
N#CC1CCC(OC[C@H]2C[C@@H](O)C2)C(F)C1,-133.14
COC(=O)C(O)(O)C(F)(F)F,-84.0
O=C(O)C1CCCN2CC(C(F)(F)F)NC21,-61.84
C#CC1=CC=C(C(F)(F)F)S1,-53.0
FC(F)(F)[C@H]1[C@@H]2CCCO[C@@H]21,-67.42
OCC1CCNN1C(F)F,-95.13
NC1CCC(C(F)(F)F)CC1N,-59.62
FC(F)(C1CCCC(Br)C1)C(F)(F)C1CCCC(Br)C1,-111.79
CN1CCC(N2CCC(CF)CC2)C1=O,-222.54
CC1CNCC(CNC2NCCCC2F)C1,-139.45
O=C(NC1(C2CCC(F)CC2)CCOCC1)C1CCCO1,-116.41
FC(C1=CC=CC=C1)C(F)C1=CC=CC=C1,-186.0
CN(CC1CCCO1)S(=O)(=O)C1CCCCC1F,-109.29
CC1(C)CN(C(=O)CC(F)(F)F)C2CCCCC2O1,-62.33
N=C(Cl)C(F)(F)F,-72.0
N#CC1CC(F)CCC1NC(=O)N1CCCC1,-114.63
O=C(NCC(F)(F)F)C1CCC2CCCCC2N1,-71.74
O=C(NCC1CCCCN1)NC1CCCC(Cl)C1F,-129.27
O=C(C1CCCNC1)N1CCOC2CCCC(F)C2C1,-116.72
CC1CCOCCN1C(=O)C(=O)NC1CCCC(F)C1,-111.71
O=C(NC1CCOCC1)C1CNCN1-C1CCC(F)CC1,-113.16
C=C(F)F,-81.3
CN1CNN(CCC2CCCCC2F)C1=O,-120.03
CC(=O)NC1CCC(F)CC1NC1CC1,-113.32
CC1CC(N2CCCC2CF)C(C#N)CN1,-225.56
CC1CCC(S(=O)(=O)N[C@@H]2CCCC[C@H]2N)C(F)C1.Cl,-112.08
CCCC1C(=O)NCCN1C(=O)C1CNCC(F)C1,-123.73
C=C(C1CCCCC1)C(F)(F)F,-64.8
CC1CC(C2CCCN2CC2CCC(C#N)CC2F)NO1,-114.57
OCCCF,-220.0
CN1C(=O)C[C@H](C(=O)O)[C@H]1C1CCCC(F)C1,-113.35
CC1CCNC(N2CCC[C@@H]2C(F)F)N1,-125.09
CCC(F)(F)CC,-102.4
NC(=O)C1CNN(-C2CCCC(C(F)(F)F)C2)C1N,-62.55
CCC(F)(F)C1=CC=CC=C1,-98.0
FC(F)(F)C1=CC=C(I)C=C1,-64.3
CC(F)C(C)F,-187.0
CCCCCCCCCCC1C(CCCCCCCCCC)C(C(F)(F)F)C(-C2CCCCC2)C(-C2CCCCC2)C1C(F)(F)F,-52.49
FCC1CCN(C2NCC(Cl)CN2)CC1,-223.15
O=C(NCC1=CCCOC1)C1CC(F)C[NH]1,-163.81
CC1C(F)CCC2SC(N)NC12,-121.92
FC(C1=CC=CC=C1)C1=CC=CC=C1,-163.0
CCCC(=O)C(F)CCC,-193.0
CN1NNCC1CNC1CCCC(F)C1,-112.9
CC1CCC(F)C(NC(=O)C2CCN3CCNC3C2)C1,-129.1
[H]C1=C(C(F)F)ON=C1C1=CC=CC=C1,-119.0
NC1NC2C(C(F)(F)F)CCCC2S1,-61.32
CCO/C=C/C(O)(CC(=O)OC(C)(C)C)C(F)(F)F,-82.87
CCCCCCCCC(F)F,-116.0
FC(F)SC1=CC=CC=C1,-96.0
FC1CCC(F)O1,-123.0
[H]/C(C1=CC=CC=C1)=C(/[H])C(F)(F)F,-63.0
FC(F)(F)C1CCCCC1C1CNCCO1,-58.37
NCC1CCCC(C(F)(F)F)N1,-67.76
CC1CCCCN1C(=O)CNC1CCCCC1F,-135.28
CC1C2CCCN2CCN1C(=O)NC1CCCCC1F,-123.91
OC1CCC(F)CC1,-127.05
O[C@H]1CCN(C2CCCC(C(F)(F)F)N2)C1,-67.84
CC1CCC(S(=O)(=O)N(C)C2CCNCC2)C(F)C1.Cl,-111.14
COCC(=O)NC1CC2C(CC1F)CCC(=O)N2,-131.6
CC1CN(C(=O)CCC2CCC(F)CC2)CC(C)O1,-117.31
CC1NN(CC(O)C(F)(F)F)CC1C#N,-78.25
O=C(COC1CCC(F)CC1Cl)N1CCOCC1,-120.66
CC1CCCC(S(=O)(=O)N2CCOCC2C2CC2)C1F,-107.9
C[C@H]1C[C@@H](O)CCN1CC1CCCCC1F,-116.36
FC(F)P(C1=CC=CC=C1)C1=CC=CC=C1,-117.0
COC(=O)C1C(C(F)(F)F)NNN1CC1CCCCC1,-61.12
CC1(F)CCC(C(C)(C)C)CC1,-127.0
NC1NCNCC1-C1CCC(F)CC1,-113.41
FC(F)(F)C#CC(F)(F)F,-53.0
COCC1(C)CCN(C2NCCCC2F)C1,-134.14
CC1CC(S(=O)(=O)NC2C(F)CCCC2CO)C(C)O1,-121.48
O=C(NC1CCC(F)CN1)NC1CCC2[NH]NCC2C1,-135.61
CC(C)(C)C(F)F,-129.0
CC(=O)NC1CCCN(C(C)C2CCCC(F)C2)C1,-113.53
NC(=O)[C@@H]1C[C@@H](F)CN1,-175.22
CC1CCC(F)C(CN2NCN(C)C2=O)C1,-124.52
CC1CC(C2CCC(F)CC2)CN1C(=O)C1(C(=O)O)CC1,-117.13
CCCCCCCC(F)(F)[N+](=O)[O-],-87.0
OC/C=C(/F)C1=CC=CC=C1,-98.0
CC1=CC=CC(F)=C1,-68.0
CC1(C)CNC(=O)CN1C(=O)C1CCC(F)C(Cl)C1,-113.14
Cl.O=C(O)C1CCC(F)C2C1CNCC2,-114.3
O=[N+]([O-])C1=CC=C(C(F)F)C=C1,-113.0
O=C1NCCNC1(O)C(F)(F)F,-80.82
CC(=O)NC1CC(C)NN1-C1CCCCC1C(F)(F)F,-60.5
O=C1CC(C(F)(F)F)C(C(=O)O)CN1,-68.64
CCCN1C(=O)NC(C)(C2CCC(F)CC2)C1=O,-114.07
CC1CCC(SCC(=O)C(F)(F)F)CC1,-76.5
FC(F)(F)C1=CC=CC=C1C(F)(F)F,-59.6
CCC(=O)NC1NC2CC(F)CCC2N1CC,-120.08
CCOC(=O)C(F)(F)C1=CC=CO1,-103.0
FC1CCC(OC2NCCCN2)C(Cl)C1,-114.11
FC(F)(I)CCI,-39.0
CC(=O)N[C@H]1CCCC[C@H]1CC(F)(F)F,-63.56
O=C(N[C@@H]1C[C@H]1CO)C1CC(F)C[NH]1,-163.84
OCCCCF,-216.0
O=C(NC1CCCN(C2CCCC(F)C2)C1)C1CCOC1,-112.39
FC(Cl)(Cl)CC(Cl)(Cl)Cl,-52.74
COC1CCC(F)CC1,-125.09
CC(=O)C1CCC(C(F)(F)F)CC1,-64.05
COC1CC(F)CCC1NC(=O)C1CCCN1C,-113.52
OCC1CCNCC1F,-132.88
FC(F)CC(F)F,-116.5
CC(=O)N1CC(NC(=O)C2CCC(Cl)C(F)C2)C1,-114.78
CCCC(F)F,-116.0
N#CC1CC(NC[C@H]2C[C@@H](O)C2)CCC1F,-123.4
FC1=CC=C(F)C=C1,-120.0
CS(=O)(=O)C1NCCN1CC(F)(F)F,-71.63
O=C(NC1CCCCC1F)N1CCC[C@@H]1CO,-126.44
O=C(NCC1CCC(F)CC1)C1CCOC1,-115.94
CC1NN(C)CC1-C1CSC(CC(F)(F)F)N1,-65.2
CN1CCNC(N2CCCC(C(F)(F)F)C2)C1=O,-72.01
NS(=O)(=O)C1CNC2CCC(F)CC2C1,-110.27
CN1CC(C(=O)NC2CC(C)(F)C2)CN1,-137.82
FC1(F)OC1(F)F,-111.0
O=C(O)C1CSC2(C3CCC(F)CC3)CCC(=O)N12,-115.94
CC(NC(=O)C1CCCCN1)C1CCC(F)CC1,-115.95
CN1C(NC(=O)CC2CCCOC2)NC2CC(F)CCC21,-119.97
F/C(Br)=C/C1=CC=CC=C1,-66.0
CCCCOC(=O)F,-16.3
FC1CCC2CCCNC2C1Cl,-108.59
Cl.FC1CC(Cl)C2C(C1)CNCC2,-114.14
CCNC(=O)C(F)(F)F,-74.0
O=C(CC1CCC(F)CN1)N1CCOC2CCCCC2C1,-129.04
C[C@@H]1CCO[C@@H]1C(=O)NC1CNCC(F)C1,-125.1
CC1NCCC(N2CC(CF)C2)N1,-227.84
C=C=CF,-176.0
O=C(CC1CCOC1)N1CCC[C@@H]1C(F)F,-125.54
CC1CC(NC(=O)C2(C3CCC(F)CC3)CCC2)N(C)N1,-115.84
CO[C@H]1C[C@@H](CO)N(C(=O)C2CC3C(F)CCCC3[NH]2)C1,-121.35
FC1=CN=CN=C1,-137.0
OC[C@@H]1C[C@H](F)CN1CC1CSCN1,-168.12
CC(NC(=O)C1CC(=O)N(C)C1)C1CCC(F)C(Cl)C1,-118.97
CC1=CC=C(F)S1,-134.0
CCC1CN(C(=O)C2C(F)CCCC2Cl)CCO1,-114.6
FC(F)(F)C1CC(CN2CCCC2)N[NH]1,-61.54
FC(F)(F)S,-31.9
[H]C1=CC=C(OC(F)F)C=C1,-76.0
O=C(NC1(C2CCCC(F)C2)CCOCC1)C1CCOC1,-112.66
FC(F)N1CCNC1CN1CCOC2(CCCC2)C1,-93.46
N#CC1(C(=O)N2CCC(CF)CC2)CCC1,-223.64
CCCCC1=C(F)OC2=CC=CC=C21,-120.0
CN1CCC(C(=O)N2CCCC(C(F)(F)F)C2)CC1=O,-71.47
CCOC(=O)CC(=O)C(F)(F)F,-75.0
O=C(NCCC1CCCS1)N1CC(F)C1,-180.63
CC(=O)CC(F)C1=CC=CC=C1,-174.0
O=C(NCC(F)(F)F)C1CSC2CCCCC2O1,-72.0
[H]/C(C(=O)CC)=C(/F)CCCC,-82.0
COC1CC(NC(=O)C2CCOC2)CCC1F,-139.42
CC1CCC(S(=O)(=O)NC2CCOC(C)C2)CC1F,-114.39
CCCC(C)(C)F,-137.0
CC(C1CCCCC1F)N(C)C(=O)C1CCNC1.Cl,-117.57
CCCCCCCCCCCCSCF,-184.0
FC#CF,-261.0
[H]/C(=C(\[H])C(F)(F)F)C(F)(F)F,-60.6
CN(C)CC(F)F,-100.0
FC(F)(F)C1CC2C(CC1-C1CCC(Cl)CC1)CCCC2,-57.03
CC1CCC(C(=O)N(C)C2CC3CCC(C2)N3)C(F)C1.Cl,-118.01
O=C(C1CC=CC1)N1C[C@@H](F)C[C@H]1CO,-166.76
CC1CCC(NC(=O)CN2CCCCCC2=O)CC1F,-116.2
FC1=CC2=C(C=C1)C1=C(C=CC=C1)O2,-114.0
CNC(=O)[C@@H]1CSCN1C1CCC(C(F)(F)F)CN1,-60.67
CCCOC(F)F,-84.2
F[Si](F)(F)O[Si](F)(F)F,-163.6
FC1CCCCC1Br,-107.7
CC(=O)C1C(C2CCCCC2)C2=C(CCCC2=O)OC1(O)C(F)(F)F,-81.04
FC(F)OC1=CC=C(Cl)N=C1,-82.0
[H]/C(=C(/[H])C(F)(F)F)C(F)(F)F,-66.4
O=C1CCC(C(=O)N2CCC(CC(F)(F)F)CC2)CN1,-63.01
FC(F)(F)C1=CC=CS1,-55.0
CC(C)(C)F,-131.0
FC(F)C1NC2C(Cl)CCCC2[NH]1,-117.08
CCOC(=O)C(F)(F)C(=O)C1=CC=CC=C1,-108.0
CC(=O)CF,-226.0
CCC(F)C1=CC=CC=C1,-176.0
COC(=O)F,-19.0
CC(NC(=O)C1COCCO1)C1CCC(F)CC1Cl,-113.78
CC1NOCC1CNC1CNCC(F)C1,-126.63
CC(NC1NCCCC1F)C1CCN(C)N1,-139.09
FC1=C(C2=CC=CC=C2)OC=C1,-165.0
O=C(O)C1C(C(F)F)NC2CCCCN12,-114.79
C=C(C)F,-88.0
CS(=O)(=O)NC(C1CCCCC1)C1CCC(F)CC1,-115.13
CN(C1NCCCC1F)[C@H]1CC[C@H](O)CC1,-127.62
OC1CNC2C(F)CCCC2C1,-127.99
CC(C)(O)CN1CCN(C2CCCCC2F)CC1,-123.18
CCC(F)CC,-183.0
O=C(Cl)C(F)(F)F,-76.0
FC(F)(OC1=CC=CC=C1)OC1=CC=CC=C1,-56.0
CN1NNC(CO)C1C(F)F,-116.1
O=C(CO)N1CCN(CC2CCC(F)C(Cl)C2)CC1,-118.11
CC1CC2CCC(F)CC2CN1CC(=O)O.Cl,-116.39
O=S(=O)(Cl)C(F)F,-114.0
CC(F)CCO,-173.0
CCCC(O)C(F)CCC,-191.0
CN(CC1CCCNC1)C(=O)NC1CCNCC1F,-140.78
CC(=O)NC1CC(S(=O)(=O)N2CC=CC2)CCC1F,-117.32
COC(=O)C(F)F,-127.3
N#CC1CCC(C(=O)N2CCN(CC(F)(F)F)CC2)CC1,-67.97
CN1CN(CC2CCC(F)CN2)CC1=O,-128.13
FC(F)(Br)C1=CC=CC=C1,-44.0
FC(F)=C(Cl)Cl,-89.0
CC1NC(NC(=O)[C@@H]2CCCO2)SC1C(F)(F)F,-52.63
C=C(F)CCC1CCCCC1,-95.5
O=C1NC(=O)N(CC(F)(F)F)C1=O,-72.78
CC1CNC(CNC2CCCCC2F)NC1,-134.95
CC1NSC(N(C)CC(F)F)N1,-122.45
CC1CCC(F)CC1C(=O)N1CCSC2COCCC21,-116.6
O=C(NC1CC1)N1CCN(CC2CCCCC2F)CC1,-117.11
O=C(CN1CCC(C(F)(F)F)CC1)N1CCNC1=O,-73.51
CN1CCC(NC(=O)NC2CCC(Cl)C(F)C2)C1=O,-115.04
CC(C)(C)[Si](C)(C)C#CC(F)(F)F,-50.8
CC1NCC(C(F)(F)F)CC1C(=O)O,-62.68
FC1=CC=CC(F)=C1,-110.0
CCN1CC(NC(=O)C2CCC(Cl)CC2F)CCC1=O,-112.02
COC1CC(OC)C(NC(=O)N2CCCC2)CC1F,-145.06
CC1(CC(F)(F)F)CN(C(=O)NC2CCCCN2)C1,-61.57
Cl.O=C(O)C1CC(F)CC2C1CNCC2,-114.75
CC(O)(CN1CCNC1)C(F)(F)F,-81.4
FC1CC2C(CC1F)CCC2,-139.5
O=S(=O)(C1CCCC(F)C1)N1CCCC1,-110.22
OC[C@@H]1CC2CCCCC2O[C@H]1C(F)(F)F,-75.38
O=C(N1CCCC1)C1(C2CCCCC2F)CC1,-115.69
CC1CCN(C)C(=O)C1NC(=O)C1CC(Cl)CCC1F,-116.28
CC(NC(=O)NC1CCC(F)CC1)C1CCCO1,-119.9
CC1C(N2C(=O)CN(C3CC3)C2=O)CCCC1C(F)(F)F,-60.98
C=C(CF)C1CCC(Br)CC1,-212.3
O=C(C1CCC(CO)C(F)C1)N1CCCC1,-118.71
[H]C(=O)C1=CC=C(F)N1[H],-130.0
C=CCC1(C(F)(F)F)C=C(C2CCCCC2)SC1=O,-69.7
CC1(C(=O)NC2CC(C(F)(F)F)C[NH]C2=O)CCCC1,-62.0
N#C[C@H]1CC[C@@H](NC(=O)N2CC(F)C2)C1,-180.61
CCCCC1=C(F)SC2=CC=CC=C21,-133.0
CC(=O)CCC(C)(F)F,-93.0
O=[N+]([O-])C1=CC=C(OC(F)F)C=C1,-79.3
FC(F)(F)C1=NC2=CC=CC=C2S1,-62.0
CC1CCN(C(=O)NC2NC(C(F)(F)F)CS2)C1,-64.19
CCN1NCNC1CN1CCCC(C)(F)C1,-147.64
CCCCCCCCOC(C(F)(F)F)(C(F)(F)F)C(F)(F)F,-71.4
FC1=C(F)C(F)=C(F)C(F)=C1F,-162.0
FC1(F)C(F)(F)C(F)(F)C(F)(F)C1(F)F,-133.0
CC(C)(C)C(=O)O[C@@H]1[C@@H](Br)[C@H](C(F)(F)Cl)OC[C@H]1OC(=O)C(C)(C)C,-57.5
O=C(N[C@@H]1CCCC[C@H]1F)C1CC[NH]N1,-176.03
CO[C@@H]1CCC[C@H]1NC(=O)C1CC(F)C[NH]1,-163.91
NC1CCC2C(C1F)CCNC2=O,-141.86
CC1NN(C)CC1NC(=O)C1CC2CC(F)CCC2O1,-123.36
CC1(C(=O)N2CCOC(CF)C2)COC1,-232.29
FC(F)(F)SC1=CC=CC=C1,-43.0
C=C(C1CCCCC1)C(F)F,-113.2
O=[N+]([O-])C(F)(F)F,-74.0
CC1NCCCC1C(=O)N1CCC(O)(C(F)(F)F)CC1,-84.28
FC1CCC2[NH]CCC2C1,-124.9
COC(F)(F)C(F)(F)OC,-93.5
CC1CC(N2CCOC(C3CCCC(F)C3)C2)CCN1,-113.02
OC/C=C\F,-126.0
N#CC1CC(F)CCC1N1CCCC1C(=O)NC1CC1,-127.13
O=C(C1CCCC(C(F)F)C1)N1CCCC1,-110.72
O=C1NCCN1C1CCCC(C(F)(F)F)C1,-62.45
CC(=O)N(C)C1CCN(C2CCC(C#N)CC2F)CC1,-120.02
CC(=O)NC(C1CCC(F)CC1)C1CC1,-116.09
CC(=O)NC(C)C1CC2CCCC(F)C2O1,-138.08
CC(=O)N=S(=O)(C1CCCCC1)C(F)Cl,-139.2
CC1CC(O)CN1C1CCC(C#N)CC1F,-125.66
O=C(NC1CC1C1CCCCC1F)C1CCNCC1,-120.14
CN1CCC(C(=O)NCC2CCC(F)CC2)CC1=O,-114.9
CNC1NCNCC1F,-153.3
CC1(C2CCC(C#N)CC2)NC(=O)N(CC(F)(F)F)C1=O,-70.81
COC1=CC=C(F)C=C1,-125.2
C=C(CF)C1CCCCC1,-212.7
CC1CN(C(=O)C2CCCC(OC(F)F)C2)CC(C)O1,-82.23
FC(F)(F)C(Cl)(Cl)C(F)(F)F,-75.64
CC1SCCC1C(=O)N1CCCC1CF,-225.87
CC1NCC(C(=O)N[C@H]2CCC[C@H]2F)S1,-189.0
CC(=O)N1CSCC1C(=O)NC1CCCC(F)C1,-112.07
CC1CCCC(F)C1C,-122.25
CCN(C(=O)C1CCN(C)C(=O)C1)C1CCC(F)CC1,-113.24
O=C(/C=C(\NCC1CN(CC2CCCCC2)NN1)C1CCC([N+](=O)[O-])CC1)C(F)(F)F,-77.21
N#CC1C(F)CCCC1NCC1CCCCN1,-108.0
FC(F)(F)C(Cl)C(Cl)Cl,-68.45
OCC1COCCN1CC1CCCC(F)C1,-113.87
CN1NC(C(F)(F)F)CC1CO,-61.68
CN1C(=O)N(CC2CCC(F)CC2)C(=O)C12CCCCC2,-115.04
O=C(CC1CCC1)N1CCC[C@@H]1C(F)F,-125.38
COC(=O)C(N)(C1CCC(OC)CC1)C(F)(F)F,-73.7
CC1(C(=O)N2CC(CC(F)F)C2)COC1,-117.16
N[C@H]1C[C@@H](C(=O)NC2CCC(F)CC2)C1,-117.44
CC1CC(F)CCC1NC(=O)N1CCCC(CC(N)=O)C1,-117.05
O=C(CO)NC1COC2CCC(F)CC2C1,-123.27
CCCCCCCCCCOC(F)(F)F,-60.0
O=[N+]([O-])C1CCC2OC(F)CC2C1,-106.8
O=C(NC1CCCCC1)C(=O)N1CCCC(F)(CO)C1,-168.14
CC1CC2CCCCC2C1NC(=O)CC(F)(F)F,-62.86
FC(F)(F)C1=NNC2=CC=CC=C21,-60.0
CC1CC(C(=O)NC2(C(=O)O)CC2)C(Cl)CC1F,-112.46
CC(C)(O)C1CCCN1C(=O)C1CCC(F)C(Cl)C1,-112.46
COC1CCC(C(=O)N(C)C2CCCC2)C(F)C1,-114.3
CC1(C)CN(C(N)=O)CC(C(F)(F)F)O1,-77.65
CC1NCCN1CC(C)(O)C(F)(F)F,-81.48
O=C(NCC1(O)CCCC1)C1CCC(Cl)C(F)C1,-114.93
CC1CC(CNC(=O)NC2NNCS2)CCC1F,-120.42
COC1CCC(F)CC1C(=O)N1CCCC1,-123.23
FC(F)Br,-68.0
CCC(F)C(C)C,-186.0
CC1CNN(-C2CCC(NC3CCN(C)C3=O)CC2F)C1,-124.92
O=C(C1CCC1)N1CCOC2CC(F)CCC21,-114.68
FC1CCC2C(C1)CNCCO2,-119.8
FC1CSCC1F,-139.0
[H]C1=NC([H])=C([H])C(C(F)(F)F)=N1,-70.0
FC1CNCC(CN2CCCSCC2)C1,-126.39
CC1ONC(-C2CCC(F)CC2)C1C(=O)N1CCOCC1,-109.63
CC1(O)CCN(C(=O)C2CC3CC(F)CCC3O2)C1,-119.68
CCCCCCCCC1=CC=C(F)O1,-118.0
O=C=NC(F)(F)F,-48.2
CC1C(NC(=O)N2CCOCC2)CCCC1OC(F)F,-81.06
O=C1CN(C(=O)CC2CCC(F)CN2)C2CCCCC2N1,-129.2
FC(Cl)(Cl)C(Cl)Cl,-61.333
CC1CC(NC(=O)NCC2CCC(F)CC2)ON1,-115.96
CN1C(C(F)(F)F)=NC2=C1C=CC=C2,-63.0
CC12CCCN1C(=O)N(CCC1CCCC(F)C1)C2=O,-114.13
O=C(NCC(=O)N1C2COCC1C2)C1CCCC(F)C1,-112.35
CC1CC(NC(=O)C2CCCO2)N(-C2CCCCC2F)N1,-123.22
CC1CCC(CNC(=O)C2CC(O)CN2)CC1F.Cl,-117.94
C[C@@H]1CN(C(=O)NC2CCNCC2F)C[C@H](C)O1,-140.98
CC1CCC(NC(=O)C(C)N2CCCN2)CC1F,-116.11
CC1COCC(C)N1C(=O)C1CCC(OC(F)F)CC1,-82.36
O=C(C1CCNCC1F)N1CCSC2(CCCCC2)C1,-129.02
FC1CCCC2C1CCCC2,-120.75
C=C(F)CCCCCC,-93.5
CNC(=O)C1(CC2CCCCC2F)CC1,-117.86
O=C(C1CCC2[NH]CNC2C1)N1CCCC(C(F)(F)F)C1,-71.52
FC1CC(CN2CCC(N3CNCN3)CC2)CCC1Cl,-116.62
O=C(N1CC2CCC1C2)C1(C2CCCCC2F)CC1,-115.35
O=C(O)C1OCNC1C(F)(F)F,-61.36
O=C(CC1C(F)CCCC1Cl)NC1NCCCN1,-113.28
CC1CCC(F)CC1CN1CCN2CCOCC2C1,-118.21
O=S(=O)(NC1CCCNC1)C1CCCCC1F,-111.21
CC1CCC(NCC2NCNN2C)C(F)C1,-134.66
COC1CCC(C(F)(F)F)C(OC)C1,-61.56
O=C(CC1C=CCC1)N1CCC(O)(C(F)(F)F)CC1,-84.32
CN(C(=O)C1CCOCC1)C1CCC(F)C(Cl)C1,-116.04
CC(C(=O)NC1CCNCC1F)C1CCOCC1,-139.83
C#CC1=CC=C(C(F)(F)F)O1,-62.0
CC(F)C#N,-182.0
FC(Cl)=C(Cl)Cl,-80.0
O=C(C1CCC(F)CN1)N(C1CCCCN1)C1CCCC1,-123.03
CC1CNC(CN2CCC(C3CCC(F)CC3)CC2)O1,-117.56
CC1CCC(NC(=O)[C@H]2CSCN2)CC1C(F)(F)F.Cl,-62.15
CC1CC(NC2CCC(F)CC2C#N)CC(C)O1,-127.02
CP(C)C(F)(F)F,-64.0
CC1=CC=C(C2=C(C(F)F)C=CO2)C=C1,-106.0
F/C(Br)=C\C1=CC=CC=C1,-68.0
CCN1NCC(C(=O)N2CC[C@@H](N)C2)C1C(F)(F)F.Cl,-60.84
Cl.FC(F)(F)C1CCC(C2=CCNCC2)CC1,-62.19
FC(F)C1=NC=CN1,-114.0
O=C(COC1CCC(F)C(Cl)C1)N1CCOCC1,-126.04
COC1CC(F)CCC1NC(=O)C1CCCS1,-112.36
CC(=O)N1CCCN(C(C)C2CCC(F)CC2)CC1,-115.34
CC1(C2CC2)NC(=O)N(CC2CCC(F)CC2)C1=O,-114.92
O=C(NCC1CCCS1)C1CCCCC1F,-115.05
COC1CCC(C(N)(C(=O)O)C(F)(F)F)CC1,-71.3
F/C=C/F,-186.0
CCOC1CC(F)CCC1NC(=O)N1CCSCC1,-114.37
O=C(NC1CCC(F)CN1)N1CCOC(C2CCCO2)C1,-133.5
CC1CC(C(=O)N2CCOC3CC(F)CCC32)C1,-115.7
O=C(NC1CNC2C(C1)COCC2)C1CCC(C(F)F)O1,-116.22
CN1CCN(C(=O)C2CCCO2)C2CCC(F)CC21,-113.75
O=C(NC1CC(-C2CCCO2)CCC1F)C1CCCN1,-125.1
NC1CC(-C2CCC(OC(F)F)CC2)NO1,-82.38
FC(F)(F)Br,-5.0
CC1NSCC1C(=O)NC1CCC(C(N)=O)CC1F,-122.13
CCC(C)(F)F,-93.0
CC1CCC(S(=O)(=O)N2CCNCC2)CC1F,-114.17
CN1CC(NC(=O)C2CCC(F)CC2Cl)CCC1=O,-107.63
COC1CCC(C(F)(C2CCCCC2)C2CCC(OC)CC2)CC1,-121.3
COC1CC(NC(=O)C2SCNC2C)CCC1F,-138.89
CC1CC(F)CC(C(=O)N2CCCSCC2)C1,-113.19
CC1CCC(C(=O)NCC2CCNCC2)CC1F,-116.69
FCSC1=CC=CC=C1,-180.0
F[Xe](F)(F)F,-17.8
CC1CC(F)CC(NCC2CNCN2C)C1,-114.11
O=C1CCC2CC(C(=O)N3CCCCCC3)C(F)CC2N1,-118.43
CC(C)(F)F,-84.5
CCOC(=O)C(F)(F)/C=C/C1=CC=CC=C1,-88.0
CC1CC2C(=O)N(CC#N)CNC2CC1F,-104.72
N#CC1CCCN(CCC(F)(F)F)C1=O,-64.93
O=C(C1SCCC1OC(F)F)N1CCCC1,-83.43
CC1(C)COCCN1CC1COC(-C2CCCC(F)C2)N1,-112.3
O=S(=O)(CC1CCC(F)CC1)C1NCC[NH]1,-112.74
C=C(F)CCCC,-95.0
O=S(=O)(NC1CCNCC1)C1CCC(F)CC1,-106.99
O=C(CC1CCN(-C2CCC(F)CC2)N1)N1CCCC1,-115.76
F/C=C\Cl,-128.0
C#COC(C)(C#CC(F)F)C1CCCCC1,-106.68
FC(F)(I)C(F)(F)I,-54.0
COCC1CCN1C1CCCC(F)C1C#N,-108.22
CC1CCN(C(=O)COC2CCCC(F)C2)CC1,-111.86
CNS(=O)(=O)C1CCC(C(=O)NC2CCCC(F)C2)O1,-112.01
O=C(NC1CCCCC1F)C1CC(=O)N(C2CCCC2)C1,-124.48
CC1SCCN(C(=O)NC2CCCC(F)C2)C1C,-112.92
O=C(C1COC2CCC(F)CC12)N1CCC1,-119.35
CC1(C)COC(C2CCCC(F)C2)CN1,-113.25
O=C(NCCC1C(F)CCCC1Cl)N1CCOCC1,-114.39
N#CC1CNN(-C2CCCC(F)C2)C1N,-110.6
O=C(/C=C(\NCC1CN(CC2CCCCC2)NN1)C1CCC(Br)CC1)C(F)(F)F,-77.04
FC(F)(C1CCCCC1)C1CCC(Cl)CC1,-89.24
CCN(C1CC1)S(=O)(=O)C1CC(C)CCC1F,-114.27
F/C=C\OC1=CC=CC=C1,-156.0
CC1(C)CCN(C2NCC(C(F)F)CN2)C1,-110.58
FC(F)(F)COC(OCC(F)(F)F)OCC(F)(F)F,-76.4
O=C(C1CCOC1)N1CCN(CC2CCCC(F)C2)CC1,-113.8
OC1CCCCC1F,-141.0
FC1(F)C(F)(F)C(F)(F)C(F)(F)C(F)(F)C1(F)F,-133.0
FC1CCC(F)CC1,-106.0
CN1CCCC1C(=O)N1CCCC1C1CCC(F)CC1,-116.34
O=C(COC1CCCC1)N1CCOC2CC(F)CCC21,-115.19
[H]C(F)(C(=O)OCC)P(=O)(OCC)OCC,-211.0
CN1CCNC1CN[C@@H]1CCCC[C@H]1F,-176.34
FC1CCC1,-160.0
N#CC1(C(=O)N2CCC(C(F)(F)F)CC2)CCCC1,-73.55
CNC(C1CCC(F)CC1)C1CNCCN1,-114.6
CCOC(=O)C1(C2NCCCC2[N+](=O)[O-])CC(C(F)(F)F)N=N1,-71.2
CC(C)CNC1CCC(F)CN1,-144.41
Cl.N[C@@H]1CCC[C@H]1C1CCC(F)CC1,-115.63
CC1CCC(F)CC1CN1CCC(C2CNN(C)C2)C1,-117.47
O=C(CC1CCCCC1C(F)(F)F)N1CCCNCC1,-59.95
FC1=C(F)C=CC=C1,-139.0
[H]C1(C(F)(F)F)CCCCC1,-75.0
CC1CCCC(NC(=O)[C@H]2C[C@@H]2C(F)F)C1,-116.74
CC(C)NC(=O)C1(C2CCCC(F)C2)CCOCC1,-112.8
CS(=O)(=O)NCC1(C2CCC(F)CC2)CCOCC1,-116.96
CC1NC(C)C(F)C(-N2CCNC2)N1,-146.85
NC(=O)C1CC1C1CCCC(C(F)(F)F)C1,-62.22
CNC1CC(C(F)(F)F)NC2CCCCC12,-67.59
CC1CC2NCC(C(=O)N3CC(CC(F)F)C3)C(C)N2N1,-116.95
CC(=O)NC1CCCN(CC(F)(F)F)C1,-67.86
CC(C)(C)NCC(O)(CC(F)(F)F)C1CCCCC1,-94.3
FC1(C2=CC=CC=C2)CO1,-140.0
CN(C)F,-24.5
CC1NN(-C2CCC(F)CC2)C(C)C1C(=O)N1CCC1,-112.81
FC(F)(F)C1C(-C2CCCCC2)C(-C2CCCCC2)C(C(F)(F)F)C(-C2CCCCC2)C1-C1CCCCC1,-50.36
FC1=C2N=CC=CC2=CC=C1,-126.0
CN1CCC(NC(=O)CC2CCCC(F)C2)N1,-113.53
FC(F)(F)C(Cl)(Cl)C(Cl)Cl,-72.85
CC(=O)N1CCCC1C(=O)NC1CCC2CCC(F)CC21,-117.18
FC1CCCC(F)N1,-70.0
CC1CC(C)N(-C2CCC(NC(=O)NC3CC3)CC2F)N1,-121.57
[H]C1=CC=C(C(F)F)C=C1,-111.0
FC1CCC(CNC2NNCS2)CC1,-115.51
O=C1CCC2CC(NCC3CCCO3)C(F)CC2N1,-134.94
FC(F)(F)C1CCCN(C2CNCCN2)C1,-71.87
CN1C2=CC=CC=C2C=C1C(F)F,-109.0
CC1(C)CNC2CC(F)CCC21,-116.76
O=S1(=O)CCCN1CC1CCC(C(F)(F)F)CC1,-62.15
CC(=O)N1CCN(C(=O)C(C)OC2CCC(F)CC2)CC1,-122.68
CN1CC(=O)N(CC(=O)NC2CCC(F)C(Cl)C2)C1=O,-120.19
CN(CC1CNN(C)C1)C(=O)NC1CCCC(Cl)C1F,-125.66
CC1CC(=O)OC(C)C1C(=O)NC1CCC(F)CC1,-116.05
FC1=NC=CC=C1,-67.0
N#CC1CC(F)CCC1N[C@@H]1C[C@H]1CO,-127.21
O=C(O)C1CCCN1CC(F)(F)F,-68.77
O=C(NC1CC[NH]N1)C1CCCCC1F,-114.94
[H]/C(CCC)=C(\[H])CC(F)(F)F,-67.55
FBF,-77.0
O=C(O)C1CC2CCCNC2CC1F,-113.19
CC(=O)C(C)F,-190.0
O=C(N1CCN(C2CC2)CC1)C1(C2CCCC(F)C2)CC1,-112.91
FC1(F)C(F)(F)C(F)(F)C1(F)F,-135.32
CN1CCC(C(=O)NCC2CCCCC2F)CC1=O,-119.08
[H]/C(F)=C(/[H])F,-186.0
CC1NC(C(=O)N2CCCC2)NN1-C1CCC(F)CC1,-111.2
CC1NOCC1CN[C@@H]1CCCC[C@H]1F,-176.07
CCOC(=O)C(F)(Br)OC1=CC=CC=C1,-58.0
CN1CCC(=O)NC2CC(F)CCC21,-119.88
CC(Br)CF,-210.0
O=C(C1CCC(=O)[NH]N1)N1CCCC(C(F)(F)F)C1,-71.61
FC(F)(F)C1=NC2=CC=CC=C2O1,-67.0
CN(CC(=O)N1CCC1)C1CCCCC1F,-124.38
CCCCCC/C=C(/F)CCCCCC,-106.0
O=C(N[C@@H]1C[C@H]1CO)C1CNCC(F)C1,-125.07
FC(F)C1CCC(CN2CNCN2)CC1,-110.3
[H]N1C=C(F)C=C1C(=O)O,-165.0
O=C(O)C1CCC(C(F)F)NC1,-117.68
O=C1C(C(F)(F)F)CCCN1CC1CCC1,-65.24
FC(F)(Cl)CC(Cl)(Cl)Cl,-51.1
FC1CNCC(NCC2CCNCC2)C1,-127.38
CN1CNCC1C(=O)NC1CC(C)(F)C1,-137.82
CN(CC1CCOC1)C1CCCC(F)C1C#N,-106.8
CNC(=O)N1CC(=O)N(CC(F)(F)F)C1,-70.08
COC1CCN(C2CCCC(C(F)F)C2C#N)CC1,-112.37
FC1CNCC(NCC2CC[NH]N2)C1,-126.74
CC(C)(C)CC1(F)N=N1,-133.0
NC(=O)C1CC(NC(=O)C2CC=CCC2)CCC1F,-118.11
N#CC1CCCC(CN2CC(C(F)(F)F)CCC2=O)C1,-62.18
FC(F)(F)F,-61.7
CC1CCN(S(C)(=O)=O)C1C1CCCC(F)C1,-113.65
CC1CCC(F)CC1C,-123.0
COC1CCC(F)C(NC(=O)N2CCC3(CCOC3)C2)C1,-134.65
FC1(F)CCCC1,-93.3
CCN1NNC(C)C1C(=O)N1CCC2CCCC(F)C21,-112.97
NC(=O)[C@@H]1C[C@@H](F)CN1C(=O)C1CCCC2CC[NH]C12,-177.51
FB(F)Cl,-30.3
CCCCC1=C(F)N(C)N=C1C,-139.0
CC1(NC(=O)CC2CCCC(F)C2)CCS(=O)(=O)C1,-113.7
CN1CC(NC(=O)CC2CCCCC2F)CCC1=O,-117.84
CC1CN(CC(=O)NC2CCCCC2F)CCO1,-124.86
FC(F)(F)C1=C(C(F)(F)F)C(C(F)(F)F)=C(C(F)(F)F)C(C(F)(F)F)=C1C(F)(F)F,-52.3
CCC(F)(F)C(=O)OC,-108.0
O=C(CN1NCC2CCCCC21)N1CCCC(F)(CO)C1,-167.98
CNC(=O)C1NNN(-C2CCC(F)C(Cl)C2)C1C,-112.73
O=S(=O)(NCC1CCCO1)C1CCCCC1F,-111.74
CNC(=O)C1CC(NC(=O)NC2CC2)CCC1F,-121.34
FC1CCCC(Cl)C1-C1NN[NH]N1,-111.09
FC(Cl)(Cl)C=C(Cl)Cl,-50.27
NCC1CN(CC2CCCCC2)NN1.O=C(O)C(F)(F)F,-75.85
CC1(C(=O)NCC2CCCCC2F)CNC1,-119.43
CC1CC(C)CN(C(=O)C2CCC(C(F)(F)F)CN2)C1,-62.62
CC(=O)NC1CCC(F)C(C(=O)N(C)C2NCCS2)C1,-119.86
CC1CCC2CCCC(F)C2N1,-128.0
OC(CN1CCCSCC1)C(F)(F)F,-78.71
C[C@@H]1CN(C(=O)NC2CCC(F)CN2)C[C@H](C)O1,-133.66
O=C(C1CCC(F)CC1)N1C2COCC1C2,-107.94
O=C(NC1CCCN(C2CCCCC2F)C1)C1CCON1,-123.59
CS(=O)(=O)N[C@@H]1C[C@H]1C1CCCCC1F,-119.94
CCOC(F)(F)C(=O)C(C)C,-83.0
CS(=O)(=O)NC(C1CCCC(F)C1)C1CCCC1,-113.24
CC1CSC(NC(=O)C2CCC(F)CC2)N1,-106.34
O=C(CCC1CCC(F)CC1)N1CCOC2NCCCC21,-117.24
FC(F)(F)C1CCCCC1,-75.0
FC1CC2CC(Cl)CCC2O1,-109.7
N#CC1CCC(N2CCS(=O)CC2)CC1C(F)(F)F,-62.0
CC1CC(NC(=O)NC(C)C2CCC(F)CC2)NO1,-116.16
FC1=CC2=CC=CC=C2N=C1,-129.0
CC(F)(F)C1CCCCC1,-87.16
CS(=O)(=O)N1CCC2CC(F)CCC21,-119.61
O=S(=O)(N[C@@H]1CCCC[C@H]1F)C1CC1,-174.58
O=C1[NH]C(=O)N(C2CCCO2)CC1F,-166.78
CCS(=O)(=O)N1CCN(C(C)C(F)(F)F)CC1,-70.96
CC1=NC(C)=C(C(F)F)S1,-102.0
CN(CC1CNCC(F)C1)[C@@H]1CCC[C@H]1O,-126.35
CC(F)(Cl)Cl,-44.0
CC1CC2N(N1)CC(C(F)(F)F)CN2,-70.4
COC1CCNCC1NC(=O)C1(C)CC1F,-211.04
CC1CCN(C(=O)CNC2CCC(F)CC2)CC1,-126.93
CC1CNC(CN2CCC[C@@H]2C(F)F)O1,-125.24
O=C(NC1(CF)CCC1)C1=CCCC1,-224.95
CN(CC1CSCN1)C(=O)NC1CCC(F)CN1,-133.58
O=[N+]([O-])C1CCC(C(F)(F)C2CCCCC2)CC1,-90.82
FC1CCC2NCCCC2C1,-113.14
CC1CCC(F)C(NC(=O)C(C)N2CNCN2)C1,-129.11
CCCCOCC(F)(F)CC,-107.5
CCC(=O)N1CCC(NC(=O)N(C)C2CCC(F)CC2)C1,-114.71
[H]/C=C(\F)Br,-61.0
O=C(O)CC1C(=O)NC2CCC(F)CC21,-121.19
CC(NC(=O)C1CCC(Cl)CC1F)C1CCNCC1,-112.78
[H]/C(C(C)=O)=C(/[H])C(F)(F)F,-65.0
CN1CCCC1CN1CCOC(CF)C1,-230.69
NC1CC(C(F)(F)F)NCN1,-70.64
NC(=O)C1CNN(-C2CCCCC2F)C1N,-122.4
CC1(C)CN(CC2CCC(C#N)CC2F)CCO1,-114.19
FCCl,-169.0
CC1CCC(CC(=O)N2C[C@H](F)C[C@H]2C(N)=O)CN1,-177.57
O=C(NCC1CCCNC1)C1CCC(F)CC1,-107.82
O=C(O)C1CCCC(C(F)F)N1,-116.69
